選挙区,議員名,ひらがな,写真,所属会派,プロフィール,URL
北海道,岩本　　剛人,いわもと　つよひと,https://www.sangiin.go.jp/japanese/joho1/kousei/giin/photo/g7019005.jpg,自由民主党,昭和３９年１０月１９日、北海道札幌市生まれ○札幌市清田高校、淑徳大学社会福祉学部社会福祉学科卒業○昭和６２年石狩開発株式会社入社、平成１１年北海道議会議員当選（札幌市清田区選出）以後、連続５期当選。在任中に、議会運営委員長、食と観光対策特別委員長、組織委員長などを歴任。自民党道連においては幹事長、副会長を歴任○令和元年第２５回参議院議員通常選挙に初当選、令和３年防衛大臣政務官○現在外交防衛委員会理事、決算委員会委員、災害対策特別委員会委員、国民生活・経済及び地方に関する調査会委員。自民党においては環境部会副部会長、地方組織・議員総局次長、報道局次長、自民党道連副会長、北海道体操連盟会長、北海道車いすテニス協会会長、札幌市ソフトボール協会会長など,/japanese/joho1/kousei/giin/profile/7019005.htm
北海道,勝部　　賢志,かつべ　けんじ,https://www.sangiin.go.jp/japanese/joho1/kousei/giin/photo/g7019013.jpg,立憲民主・社民,昭和３４年９月６日、北海道千歳市東雲町に生まれる。昭和５９年３月北海道教育大学札幌分校卒業。昭和５９年４月江別市立大麻東小学校勤務、平成２年４月厚田村立厚田小学校勤務、平成５年４月千歳市立北栄小学校勤務、平成１０年北教組石狩支部専従書記次長、平成１２年北教組石狩支部専従書記長、平成１５年北海道議会議員（１期）、平成１９年北海道議会議員（２期）、平成２３年北海道議会議員（３期）、平成２７年北海道議会議員（４期）、平成２９年北海道議会副議長就任、平成３１年北海道議会議員任期満了、令和元年７月第２５回参議院議員選挙北海道選挙区で当選（１期）○現在党北海道参議院選挙区第二総支部長、財政金融委員会委員、議院運営委員会理事、政府開発援助等及び沖縄・北方問題に関する特別委員会委員,/japanese/joho1/kousei/giin/profile/7019013.htm
北海道,高橋　はるみ,たかはし　はるみ,https://www.sangiin.go.jp/japanese/joho1/kousei/giin/photo/g7019026.jpg,自由民主党,昭和２９年１月６日富山市生まれ。昭和５１年３月一橋大学経済学部を卒業、同年４月通商産業省に入省。平成１２年中小企業庁経営支援部経営支援課長、同１３年北海道経済産業局長、同１４年経済産業研修所長、同１５年退職。同１５年４月北海道知事に初当選し同３１年４月に退任するまで連続４期務める。令和元年７月の第２５回参議院通常選挙において、北海道選挙区から初当選○現在予算委員会理事、ＯＤＡ及び沖縄・北方問題に関する特別委員会理事、文教科学委員会委員,/japanese/joho1/kousei/giin/profile/7019026.htm
北海道,徳永　　エリ[鈴木　　エリ],とくなが　えり,https://www.sangiin.go.jp/japanese/joho1/kousei/giin/photo/g7010036.jpg,立憲民主・社民,昭和３７年１月１日、北海道札幌市生まれ。藤女子高等学校、法政大学法学部法律学科中退。在学中より在京キー局において日航機墜落事故、グリコ・森永事件等の事件リポーターとして活躍。また、北海道に活動の拠点を移し、特に女性と子どもを取り巻く課題を中心に、常に現場の最前線で取材し、問題提起を続ける。参議院初当選後は、一貫して農林水産業の振興を中心に、地域の環境問題にも踏み込んだ活動を展開している。東日本大震災発生後は復興支援に助力し、原発避難者の問題や原子力政策のあり方に発言を続ける。農政においては、「農業者戸別所得補償法案」作成に中心メンバーとして携わり、ＴＰＰなどの国際貿易交渉対策についても多くの問題提起を行っている。また、ひとり親家庭の母親として、関連する課題に発言を続ける○現在党常任幹事会議長、党北海道副代表、農林水産委員会理事、国家基本政策委員会、東日本大震災復興特別委員会所属○参議院議員３期,/japanese/joho1/kousei/giin/profile/7010036.htm
北海道,長谷川　　岳,はせがわ　がく,https://www.sangiin.go.jp/japanese/joho1/kousei/giin/photo/g7010043.jpg,自由民主党,昭和４６年２月１６日愛知県生まれ。平成６年３月北海道大学経済学部経営学科卒業。在学中、ＹＯＳＡＫＯＩソーラン祭り実行委員会発足、平成４年６月に第１回を開催、以降、観客２００万人強の北海道有数の観光資源となる。平成１３年３月ＹＯＳＡＫＯＩソーラン祭り組織委員会専務理事。平成２２年７月参議院議員選挙初当選。平成２５年１０月参議院議院運営委員会理事、平成２６年９月総務大臣政務官、平成２７年１０月自由民主党水産部会長、平成２８年７月参議院議員選挙当選、平成２８年１０月参議院予算委員会理事、平成２９年９月参議院財政金融委員長、平成３０年１０月自由民主党法務部会長、令和元年９月総務副大臣、令和２年１０月参議院議院運営委員会筆頭理事、令和３年１１月自由民主党政務調査会副会長、令和４年１月参議院農林水産委員長、令和４年７月参議院議員選挙当選,/japanese/joho1/kousei/giin/profile/7010043.htm
北海道,船橋　　利実,ふなはし　としみつ,https://www.sangiin.go.jp/japanese/joho1/kousei/giin/photo/g7022034.jpg,自由民主党,昭和３５年１１月２０日、北海道北見市生まれ。北海道立北見柏陽高等学校、北海学園大学工学部土木工学科卒業。大学卒業後、家業の建設業に８年間従事。平成３年、北見市議会議員（１期）、平成７年、北海道議会議員（５期連続）。平成２４年、第４６回衆議院議員総選挙にて初当選。平成２９年、北海商科大学大学院商学研究科修士課程修了。平成２９年、第４８回衆議院議員総選挙再選。財務金融委員会委員、厚生労働委員会委員、決算行政監視委員会委員、災害対策特別委員会委員、自民党国会対策委員、厚生労働部会副部会長、経済産業部会副部会長、北海道総合政策特別委員会幹事等を歴任。令和２年９月、財務大臣政務官就任。令和４年７月、第２６回参議院議員通常選挙にて初当選○現在農林水産委員会理事、予算委員会委員、自民党国会対策委員会副委員長、農林水産関係団体委員会副委員長、地方組織・議員総局次長,/japanese/joho1/kousei/giin/profile/7022034.htm
青森県,滝沢　　　求,たきさわ　もとめ,https://www.sangiin.go.jp/japanese/joho1/kousei/giin/photo/g7013031.jpg,自由民主党,昭和３３年１０月１１日、青森県八戸市生まれ。八戸市立長者小学校、同長者中学校、青森県立八戸高等学校を経て、中央大学法学部入学。昭和５８年卒業。衆議院議員中曽根康弘秘書を経て、平成１０年、青森県議会議員に初当選。以降連続５期当選。県議会副議長。平成２５年７月、青森県選挙区より参議院議員に初当選、参議院環境委員会筆頭理事、自民党組織本部団体総局環境関係団体委員長、平成２８年８月外務大臣政務官、自民党環境・国土交通部会長代理、副幹事長、広報副本部長、環境部会長、環境温暖化対策調査会副会長○現在参議院環境委員長,/japanese/joho1/kousei/giin/profile/7013031.htm
青森県,田名部　匡代,たなぶ　まさよ,https://www.sangiin.go.jp/japanese/joho1/kousei/giin/photo/g7016025.jpg,立憲民主・社民,昭和４４年７月１０日、青森県八戸市生まれ。青森県立八戸東高等学校を経て、平成２年玉川学園女子短期大学卒業。衆議院議員秘書を経た後、南部山アリーナに勤務。平成１２年衆議院議員選に臨むも惜敗、平成１５年衆議院議員初当選、その後平成１７年、平成２１年と当選を果たす。衆議院厚生労働委員会委員、環境委員会委員、青少年問題特別委員会委員、農林水産委員会筆頭理事。平成２２年農林水産大臣政務官に就任。東日本大震災被災地の農林水産業の復興、和食のユネスコ無形文化遺産登録の実現に取り組む○現在党参議院幹事長、農林水産委員会委員、行政監視委員会理事,/japanese/joho1/kousei/giin/profile/7016025.htm
岩手県,横沢　　高徳,よこさわ　たかのり,https://www.sangiin.go.jp/japanese/joho1/kousei/giin/photo/g7019040.jpg,立憲民主・社民,１９７２年３月６日、岩手県紫波郡矢巾町生まれ。１９９０年３月、岩手県立盛岡工業高等学校卒業。１９９０年４月、スズキ株式会社入社。１９９２年１２月、有限会社ＮＲＳ入社。１９９４年３月、株式会社デンキョー入社。１９９５年、モトクロス国際Ａ級ライセンス取得、全日本モトクロス選手権参戦。１９９７年、練習中事故により脊髄を損傷し車イス生活となる。１９９９年、チェアスキー選手となり国内大会出場。２０１０年３月、バンクーバーパラリンピック日本代表。アルペンスキー男子大回転座位２１位。２０１９年７月、参議院選挙岩手選挙区に野党統一候補として立候補,/japanese/joho1/kousei/giin/profile/7019040.htm
岩手県,広瀬　めぐみ,ひろせ　めぐみ,https://www.sangiin.go.jp/japanese/joho1/kousei/giin/photo/g7022032.jpg,自由民主党,昭和４１年６月２７日、岩手県盛岡市中央通生まれ。実家は小田島旅館（現ホテル小田島）。昭和５７年４月、岩手県立盛岡第一高等学校入学ののち、１年間の米国留学。昭和６１年４月上智大学外国語学部英語学科入学。平成１１年９月、司法試験合格。平成１３年９月弁護士登録。平成２４年２月、国連にて「日本の女性の地位と状況について」と題してスピーチ。平成３０年７月以来、法務省・人権講義「女性と人権」を担当,/japanese/joho1/kousei/giin/profile/7022032.htm
宮城県,石垣　のりこ[小川　のり子],いしがき　のりこ,https://www.sangiin.go.jp/japanese/joho1/kousei/giin/photo/g7019003.jpg,立憲民主・社民,１９７４年８月１日、宮城県生まれ。宮城県第二女子高等学校（現：宮城県仙台二華高等学校）を経て、１９９８年宮城教育大学教育学部小学校教員養成課程（教育心理学専攻）卒業。同年４月株式会社エフエム仙台入社。制作部に所属し、パーソナリティと番組制作全般を担当。パーソナリティとして延べ２０００人以上にインタビュー。制作者としては、カフェライブの開催、カフェやベーカリーとタイアップした商品開発、リスナー参加型農業体験などの企画を多数実施。２０１１年の東日本大震災後、防災士の資格を取得し、エフエム仙台の震災復興応援プロジェクト「Ｈｏｐｅ　ｆｏｒ　ＭＩＹＡＧＩ」の番組を担当、エフエム仙台発行の「サバ・メシ防災ハンドブック」の企画にも携わってきた。東北大学東北メディカル・メガバンク機構倫理委員会委員、仙台市中心部震災メモリアル拠点事業検討委員会委員を経験,/japanese/joho1/kousei/giin/profile/7019003.htm
宮城県,櫻井　　　充,さくらい　みつる,https://www.sangiin.go.jp/japanese/joho1/kousei/giin/photo/g5998030.jpg,自由民主党,１９５６年仙台市生まれ。仙台第一高等学校を経て、１９８５年東京医科歯科大学医学部卒業。１９９３年東北大学医学部大学院卒業。東北大附属病院第一内科医員、国立療養所岩手病院勤務の後、１９９６年、同第二内科医長となる○アレルギー疾患や呼吸器疾患、拒食症、ひきこもり、不登校の子供たちの心の治療にあたる○医学博士。日本アレルギー学会会員○地域金融の円滑化に関する法案、シックハウス対策二法案を立案提出、また、歯科医療改革案をとりまとめる○超党派の薬害ヤコブ病問題を考える議員の会の事務局長を務め、和解締結を後押しする○元金融問題及び経済活性化に関する特別委員長○元財務副大臣、元厚生労働副大臣○著書「新・破れない殻」などを出版,/japanese/joho1/kousei/giin/profile/5998030.htm
秋田県,寺田　　　静,てらた　しずか,https://www.sangiin.go.jp/japanese/joho1/kousei/giin/photo/g7019030.jpg,各派に属しない議員,昭和５０年３月２３日秋田県横手市生まれ。秋田県立横手城南高等学校中退、平成１０年３月早稲田大学人間科学部卒業。平成１０年東京大学生産技術研究所秘書として入所。フリースクール等にてボランティアを務める。平成１５年衆議院議員寺田学公設秘書。平成２１年衆議院議員川口博公設秘書。電気自動車普及協会の立ち上げに参加。平成２５年参議院議員寺田典城公設秘書。県内企業の海外事業や取引のサポートに携わる,/japanese/joho1/kousei/giin/profile/7019030.htm
秋田県,石井　　浩郎,いしい　ひろお,https://www.sangiin.go.jp/japanese/joho1/kousei/giin/photo/g7010005.jpg,自由民主党,昭和３９年６月２１日、秋田県南秋田郡八郎潟町に生まれる。秋田県立秋田高等学校を経て、早稲田大学第二文学部へ進学。（株）プリンスホテルへ入社。同社に勤務しながらプリンスホテル硬式野球部に在籍し、３年間社会人野球でプレーする。平成２年にドラフト３位で近鉄バファローズへ入団し、以後１３年間読売巨人軍、千葉ロッテマリーンズ、横浜ベイスターズに於いてプロ野球選手としてプレーする。現役引退後は日本テレビの野球解説者を務めた後、西武ライオンズ２軍監督に就任し若手選手の育成に励む。その後、平成２２年７月の参議院選挙へ出馬し、初当選を果たす○現在国土交通副大臣兼内閣府副大臣兼復興副大臣、国土交通委員会委員、国家基本政策委員会委員、東日本大震災復興特別委員会委員,/japanese/joho1/kousei/giin/profile/7010005.htm
山形県,芳賀　　道也,はが　みちや,https://www.sangiin.go.jp/japanese/joho1/kousei/giin/photo/g7019032.jpg,国民民主党・新緑風会,昭和３３年３月２日山形県山形市に生まれる。山形大学附属中学校・山形県立長井高等学校を経て、昭和５１年日本大学文理学部に入学。昭和５５年に卒業後、山形放送（株）に入社、アナウンサーとして「ズームイン！！朝！」の山形のキャスターを務めるなど様々なＴＶ・ラジオ番組のパーソナリティ・アナウンサーを担当。アナウンス責任者・報道制作局アナウンス統括部長を経て、制作部専任部長などを歴任。平成３１年２月２８日に山形放送（株）を退社。令和元年７月山形県選挙区より、参議院議員に初当選,/japanese/joho1/kousei/giin/profile/7019032.htm
山形県,舟山　　康江,ふなやま　やすえ,https://www.sangiin.go.jp/japanese/joho1/kousei/giin/photo/g7007052.jpg,国民民主党・新緑風会,昭和４１年５月２６日埼玉県越谷市生まれ。埼玉県立浦和第一女子高等学校、北海道大学農学部農業経済学科卒業。平成２年農林水産省に入省。経済局国際部、関東農政局、経済企画庁、近畿農政局、大臣官房勤務の後、平成１２年に結婚、同省を退官、夫の実家である山形県小国町に転居、小国ガスエネルギー株式会社専務に就任。平成１９年参院選において民主党公認で初当選。平成２１年鳩山由紀夫内閣で農林水産大臣政務官に就任。平成２５年参院選で惜敗後、山形県小国町でＪＡ女性部の一員として地域農業の現場から活動を再開。平成２６年一般社団法人置賜自給圏推進機構設立、常務理事に就任。平成２８年参院選において無所属で野党統一候補として再選。平成３０年会派国会対策委員長に就任。令和２年国民民主党入党、政務調査会長に就任。令和３年党筆頭副代表に就任。令和４年参院選において国民民主党公認で３選、会派議員会長に就任,/japanese/joho1/kousei/giin/profile/7007052.htm
福島県,森　　まさこ[三好　　雅子],もり　まさこ,https://www.sangiin.go.jp/japanese/joho1/kousei/giin/photo/g7007061.jpg,自由民主党,昭和３９年福島県いわき市生。弁護士。母は農家、父はサラリーマン、夫、子供２人。いわき市立植田小・中、福島県立磐城女子高、東北大学法学部卒。米国ニューヨーク大学法科大学院客員研究員（消費者保護法）○金融庁課長補佐（貸金業法）・検査官（証券・金融）、国連女性会議女性の地位委日弁連代表、日弁連国際人権委・消費者問題対策委・犯罪収益剥奪ＰＴ、弁護士会子どもの権利委・男女共同参画ＰＴ○国務大臣女性活力・子育て支援担当、内閣府特命担当大臣（消費者及び食品安全、少子化対策、男女共同参画）・法務大臣○参議院行政監視委員長・環境委員長・東日本大震災復興特別委員会理事・法務委員会理事・決算委員・消費者問題に関する特別委員○党副幹事長・法務部会長・情報調査局次長・参議院副幹事長・環境部会長・女性活躍推進特別委員長○現在内閣総理大臣補佐官○著書「取り立てに怯えた少女が大臣になった」,/japanese/joho1/kousei/giin/profile/7007061.htm
福島県,星　　　北斗,ほし　ほくと,https://www.sangiin.go.jp/japanese/joho1/kousei/giin/photo/g7022035.jpg,自由民主党,昭和３９年３月１８日生まれ、福島県郡山市出身○平成元年東邦大学医学部卒業○平成元年厚生省入省。平成４年労働省労働基準局安全衛生部化学物質調査係長。平成８年ハーバード大学公衆衛生大学院客員研究員。平成１０年（財）星総合病院副理事長。平成１２年（公社）日本医師会常任理事。平成１７年（一社）福島県医師会常任理事。平成１８年（公社）日本医師会代議員。平成１８年（一社）郡山医師会理事。平成２０年（財）星総合病院理事長。平成２７年（一社）福島県医師会副会長。平成２９年（公社）全日本病院協会理事。平成３０年（公社）日本医師会参与○現在（公社）星総合病院理事長。東邦大学医学部客員教授。福島県医師会参与。ポラリス保健看護学院院長○福島県立医科大学大学院医学研究科（公衆衛生学講座）学位,/japanese/joho1/kousei/giin/profile/7022035.htm
茨城県,小沼　　　巧,おぬま　たくみ,https://www.sangiin.go.jp/japanese/joho1/kousei/giin/photo/g7019009.jpg,立憲民主・社民,昭和６０年１２月２１日茨城県鉾田市に生まれる、清真学園高等学校・早稲田大学政治経済学部政治学科卒業、タフツ大学フレッチャー法律外交大学院国際ビジネス学修士○経済産業省貿易管理部、経済産業大臣室、資源エネルギー庁、商務流通保安グループ、通商政策局○ボストン・コンサルティング・グループ○現在国民生活・経済及び地方に関する調査会理事、農林水産委員会、地方デジタル特別委員会所属、立憲民主党茨城県連幹事長,/japanese/joho1/kousei/giin/profile/7019009.htm
茨城県,上月　　良祐,こうづき　りょうすけ,https://www.sangiin.go.jp/japanese/joho1/kousei/giin/photo/g7013022.jpg,自由民主党,昭和３７年１２月２６日兵庫県神戸市生まれ。昭和６２年東京大学法学部を卒業。中・高時代は柔道部、大学時代は洋弓部でともに主将。同年、自治省へ入省。青森県庁、鹿児島県庁学事文書課長・高齢者対策課長・財政課長、内閣官房中央省庁等改革推進本部事務局、総務省自治政策課課長補佐・地方債課課長補佐、総理官邸内閣官房副長官秘書官などを経て、平成１７年に茨城県庁へ赴任。その後８年にわたり総務部長、副知事を歴任。第２３回参議院議員通常選挙にて初当選。参議院内閣委筆頭理事、農水大臣政務官、参議院農水委員長、参議院自民党国会対策副委員長などを歴任○現在参議院内閣委理事、自民党副幹事長、自民党農産物輸出促進対策委員長、自民党孤独・孤立対策特命委事務局長、参議院自民党不安に寄り添う政治のあり方勉強会事務局長,/japanese/joho1/kousei/giin/profile/7013022.htm
茨城県,加藤　　明良,かとう　あきよし,https://www.sangiin.go.jp/japanese/joho1/kousei/giin/photo/g7022010.jpg,自由民主党,昭和４３年２月７日茨城県水戸市生まれ。平成３年専修大学商学部卒業○平成３年４月よりニュージーランドオークランドホールディングス出向社員として現地赴任を経て、平成４年１０月より平成１９年７月まで参議院議員狩野安公設秘書、平成１９年７月より平成２２年１０月まで参議院議員長谷川大紋公設秘書を務める○平成２２年１２月の茨城県議会議員選挙（水戸市・城里町選挙区）で初当選。土木企業立地推進委員会委員長、議会運営委員会副委員長、自民党茨城県支部連合会遊説局長、広報本部長、総務会副会長等を歴任（令和４年４月まで３期１１年）○令和４年７月１０日の参議院議員通常選挙において初当選○茨城県フェンシング協会会長、茨城県太極拳協会会長、水戸市サッカー協会会長、水戸市水泳協会会長、茨城県トライアスロン協会副会長、水戸市陸上競技協会顧問、茨城県遺族連合会青年部長,/japanese/joho1/kousei/giin/profile/7022010.htm
茨城県,堂込　麻紀子,どうごみ　まきこ,https://www.sangiin.go.jp/japanese/joho1/kousei/giin/photo/g7022027.jpg,各派に属しない議員,１９７５年９月１６日、茨城県阿見町生まれ。茨城県立土浦第二高等学校、流通経済大学社会学部社会学科卒業○１９９８年４月ジャスコ株式会社（現イオンリテール株式会社）入社、茨城県内及び関東近郊の各店舗に勤務。２００７年１０月よりイオンリテール労働組合、２０１２年１０月よりイオンリテールワーカーズユニオン中央執行委員、海外グループ（カンボジア・中国等）、本部専門局スタッフ、地域議長を歴任。２０２１年１０月より連合茨城執行委員・女性委員会委員、ＵＡゼンセン茨城県支部運営評議員、イオンリテールワーカーズユニオン中央執行副委員長,/japanese/joho1/kousei/giin/profile/7022027.htm
栃木県,高橋　　克法,たかはし　かつのり,https://www.sangiin.go.jp/japanese/joho1/kousei/giin/photo/g7013030.jpg,自由民主党,昭和３２年１２月７日栃木県塩谷郡高根沢町生まれ○栃木県立宇都宮東高等学校を経て、昭和５６年３月明治大学法学部法律学科卒業○卒業後、日本電子工学株式会社（北綜警グループ）入社。昭和６０年参議院議員岩崎純三公設秘書になる○平成８年１２月栃木県議会議員当選○平成１０年８月現職町長の急逝により高根沢町長選挙に出馬し当選、以降平成２５年３月まで連続４期１５年間在職○平成２５年７月第２３回参議院議員通常選挙栃木県選挙区にて初当選○党国対副委長、予算委理事等、要職を担い、平成２９年８月国土交通大臣政務官に就任○令和元年７月「地方を守り抜く」ことを公約に参院選を戦い、２期目の当選を果たす○党副幹事長、議運委次席理事、党国対筆頭副委員長を経て、令和４年１０月文教科学委員長に就任,/japanese/joho1/kousei/giin/profile/7013030.htm
栃木県,上野　　通子,うえの　みちこ,https://www.sangiin.go.jp/japanese/joho1/kousei/giin/photo/g7010013.jpg,自由民主党,昭和３３年４月２１日栃木県生まれ。昭和５６年共立女子大学文芸学部卒業。昭和５６年４月より宇都宮学園高等学校教諭。昭和６０年４月宇都宮文星女子高等学校教諭。平成１２年４月文星国際交流センター長。平成１５年４月栃木県議会議員・文教警察委員会。平成１６年３月厚生環境委員会。平成１７年３月農林委員会・児童・高齢者虐待問題対策特別委員会委員長。平成１８年９月決算特別委員会。平成１９年４月栃木県議会議員再選（２期）、５月生活保健福祉委員会副委員長。平成２０年３月農林環境委員会委員長。平成２１年議会運営委員会。平成２２年参議院議員選挙栃木選挙区にて初当選。党女性局長。文部科学大臣政務官。文教科学委員長。文部科学副大臣○現在文教科学委員会理事、党広報本部新聞出版局長,/japanese/joho1/kousei/giin/profile/7010013.htm
群馬県,清水　　真人,しみず　まさと,https://www.sangiin.go.jp/japanese/joho1/kousei/giin/photo/g7019018.jpg,自由民主党,昭和５０年２月２６日、群馬県高崎市生まれ○東京農業大学第二高等学校卒業、明治学院大学経済学部卒業○平成１５年、２８歳の時に高崎市議会議員に初当選（通算２期）、平成２１年高崎市議会副議長○平成２３年群馬県議会議員初当選（通算２期）○令和元年７月の第２５回参議院議員通常選挙で初当選○国土交通大臣政務官【役職歴】○参議院においては、法務委員会、北朝鮮による拉致問題等に関する特別委員会の次席理事、議院運営委員会委員○自民党においては、参議院自由民主党副幹事長、党政務調査会内閣第二部会副部会長、党青年局顧問、党女性局、広報戦略局、地方組織・議院総局の次長、組織運動本部運輸・交通関係委員会副委員長など○政治信条は、「出来ること、するべきことを確実に」「摩頂放踵」,/japanese/joho1/kousei/giin/profile/7019018.htm
群馬県,中曽根　弘文,なかそね　ひろふみ,https://www.sangiin.go.jp/japanese/joho1/kousei/giin/photo/g5986024.jpg,自由民主党,昭和２０年１１月２８日群馬県高崎市生まれ、慶應義塾高等学校を経て、同４３年慶應義塾大学卒業、同年４月旭化成工業（株）入社、同５８年内閣総理大臣秘書・自民党総裁秘書（兼務）○昭和６１年参議院議員に当選、通産政務次官、商工委員長、議院運営委員長、参議院自民党政策審議会長、国鉄・国有林野特別委員長、政治倫理審査会会長、文部大臣、科学技術庁長官、内閣総理大臣補佐官、裁判官弾劾裁判所裁判長、予算委員長、教育基本法に関する特別委員長、懲罰委員長、外務大臣、参議院自民党議員会長、党党紀委員長、拉致特委員長、情報監視審査会会長、憲法審査会会長○日米国会議員連盟会長、日墨友好議連会長、参議院日本ポーランド友好議連会長、参議院ＡＳＥＡＮ議員交流推進議連会長、幼児教育議連会長、障害者スポーツ・パラリンピック議連会長、日韓協力委員会会長代行、日本陸上競技連盟評議員会議長、日本武道館理事,/japanese/joho1/kousei/giin/profile/5986024.htm
埼玉県,伊藤　　　岳,いとう　がく,https://www.sangiin.go.jp/japanese/joho1/kousei/giin/photo/g7019002.jpg,日本共産党,１９６０年３月６日、埼玉県川口市に生まれる。１９７５年草加市立栄中学校卒業。１９７８年埼玉県立越ヶ谷高校卒業。１９８２年文教大学人間科学部卒業。「子どもの貧困」に胸を痛め社会変革の事業に参加、日本民主青年同盟埼玉県委員長、日本共産党埼玉中央地区委員長、同さいたま地区副委員長、埼玉県常任委員を歴任。２００１年以降国政選挙に７回挑戦し、８回目の２０１９年７月の参議院選挙で当選。２０１１年の原発事故以来、ツイッターで呼びかけ埼玉県内３０か所以上でデモを主催。参議院議員として環境委員会、総務委員会に所属。新型コロナ感染拡大のなか、医療スタッフの増員、公立公的病院の体制拡充、ケア労働者の処遇改善を求め、統計不正問題、日本郵便さいたま新都心郵便局で起きた過労自死について、日本郵便の責任を追及した,/japanese/joho1/kousei/giin/profile/7019002.htm
埼玉県,熊谷　　裕人,くまがい　ひろと,https://www.sangiin.go.jp/japanese/joho1/kousei/giin/photo/g7019017.jpg,立憲民主・社民,昭和３７年３月２３日、旧埼玉県大宮市（現埼玉県さいたま市大宮区）生まれ○大宮東小、大宮東中、中央大学附属高校、中央大学商学部卒○サラリーマン生活を経て、衆参国会議員の政策担当秘書を長らく務め、その間、新進党や民主党の結党に参画し、民主党役員室次長や政党秘書会長、参議院秘書協議会事務局長等を歴任○平成１９年４月、さいたま市議会議員選挙初当選。以後、連続３期当選○平成２９年立憲民主党の結党に参画し、平成３０年に枝野幸男衆議院議員とともに立憲民主党埼玉県連合を立ち上げ、幹事長に就任○さいたま市議会議員としては、「チルドレンファースト！すべては子どもたちのために！」を活動の原点にして、児童虐待防止、子どもの貧困対策等に精力的に取り組む○令和元年７月、参議院議員選挙（埼玉県選挙区）で初当選○現在立憲民主党政調副会長、埼玉県連代表代行,/japanese/joho1/kousei/giin/profile/7019017.htm
埼玉県,古川　　俊治,ふるかわ　としはる,https://www.sangiin.go.jp/japanese/joho1/kousei/giin/photo/g7007053.jpg,自由民主党,昭和３８年１月１４日さいたま市岩槻区生まれ。昭和６２年に慶應義塾大学医学部卒業。慶應義塾大学病院において外科専門医としての修練を積む一方、平成２年から平成５年にかけて米国カリフォルニア大学医学部との共同研究に従事。平成６年に博士号取得。その一方、慶應義塾大学の文学部で社会学を、次いで法学部で法律学を学び、文学部を平成５年に、法学部を平成８年に卒業。平成８年に司法試験に合格し、平成１１年に弁護士登録。以後、医師・弁護士として活動し、慶應義塾大学医学部にてロボット外科医療などの先進医療を推進するとともに、日本弁護士連合会公害対策環境保全委員会の特別委嘱委員、埼玉県環境審議委員等を務める。平成１６年に英国オックスフォード大学大学院に留学し、国際企業や公共政策を研究し、平成１７年に経営学修士号を取得。平成１９年より、慶應義塾大学大学院法務研究科（法科大学院）教授・医学部外科教授（兼担）となる,/japanese/joho1/kousei/giin/profile/7007053.htm
埼玉県,矢倉　　克夫,やくら　かつお,https://www.sangiin.go.jp/japanese/joho1/kousei/giin/photo/g7013056.jpg,公明党,１９７５年１月１１日神奈川県横浜市生まれ。１９９７年東京大学法学部卒業、２０００年司法研修所修了後、同年アンダーソン・毛利法律事務所（現アンダーソン・毛利・友常法律事務所）に弁護士として入所。２００５年にカリフォルニア大学ロサンゼルス校法学修士課程修了後、２００６年６月まで米国ホランド・アンド・ナイト法律事務所にて出向勤務、その後、中国上海にある復旦大学にて中国語研修を行った後、２００７年８月まで中国キングアンドウッド法律事務所にて出向勤務を経てアンダーソン・毛利・友常法律事務所に再び勤務。２００９年１月より経済産業省参事官補佐として中国レアアース輸出規制などＷＴＯ紛争処理に関与○現在予算委員会理事、国土交通委員会委員、憲法審査会委員、政府開発援助等及び沖縄・北方問題に関する特別委員会理事、公明党青年委員会顧問○著書「世界で勝てる日本をつくる」「現場を走り、世界に挑む。」,/japanese/joho1/kousei/giin/profile/7013056.htm
埼玉県,上田　　清司,うえだ　きよし,https://www.sangiin.go.jp/japanese/joho1/kousei/giin/photo/g7019042.jpg,国民民主党・新緑風会,昭和２３年５月福岡県福岡市生まれ。法政大学法学部卒業、早稲田大学大学院政治学研究科修了。新自由クラブ立党に参画。同党政策委員、全国青年局長。政策科学研究所政策委員。平成５年衆議院議員に初当選し３期務める。平成１５年埼玉県知事に初当選し４期務める。この間、総務省顧問、拓殖大学大学院客員教授、内閣地域主権戦略会議委員。全国知事会東日本大震災復興協力本部長、全国知事会会長など歴任○著書「法律はお役人のメシの種」,/japanese/joho1/kousei/giin/profile/7019042.htm
埼玉県,関口　　昌一,せきぐち　まさかず,https://www.sangiin.go.jp/japanese/joho1/kousei/giin/photo/g7003005.jpg,自由民主党,昭和２８年６月４日、父・恵造（参議院議員２期１２年、元埼玉県歯科医師会会長）の長男として秩父郡皆野町に生まれる。日本大学豊山高等学校を経て、城西歯科大学（現明海大学歯学部）卒業後、両親が開業する皆野町の関口歯科医院で地域医療に携わる。埼玉県議会議員３期８年歴任。平成１５年１０月参議院補欠選挙で初当選、平成１６年７月参議院議員通常選挙にて２期目の当選。平成２２年７月参議院議員通常選挙にて３期目の当選。平成２８年７月参議院議員通常選挙にて４期目の当選。令和４年７月参議院議員通常選挙にて５期目の当選。参議院自民党国会対策委員長、参議院自民党幹事長代行、総務副大臣・内閣府副大臣、参議院自民党国会対策委員長代理、外務大臣政務官、参議院文教科学委員長、参議院自民党副幹事長、参議院自民党政策審議会副会長、自民党経済産業部会長代理等歴任○現在参議院自民党議員会長、日本歯科医師議員連盟会長,/japanese/joho1/kousei/giin/profile/7003005.htm
埼玉県,高木　　真理,たかぎ　まり,https://www.sangiin.go.jp/japanese/joho1/kousei/giin/photo/g7022023.jpg,立憲民主・社民,１９６７年８月１２日、栃木県日光市生まれ。浦和市立（現・さいたま市立）常盤中学校、お茶の水女子大学附属高等学校、東京大学法学部卒業。東京銀行（現・三菱ＵＦＪ銀行）勤務、衆議院議員枝野幸男秘書を経て、２００３年４月、さいたま市議会議員（北区）初当選、以後２期連続当選。２０１１年埼玉県議会議員（さいたま市北区）初当選、以後３期連続当選。党県連政調会長。県議会会派政調会長。２０２２年参議院選挙において、埼玉県選挙区より初当選○現在党県連副代表。党埼玉県参議院選挙区第２総支部長,/japanese/joho1/kousei/giin/profile/7022023.htm
埼玉県,西田　　実仁,にしだ　まこと,https://www.sangiin.go.jp/japanese/joho1/kousei/giin/photo/g7004043.jpg,公明党,昭和３７年８月２７日東京都田無市（現西東京市）生まれ。昭和６１年３月慶應義塾大学経済学部卒業○昭和６１年４月（株）東洋経済新報社入社。「会社四季報」記者、「週刊東洋経済」副編集長を経て、平成１５年４月退職○参議院憲法審査会幹事、公明党選挙対策委員長、同税制調査会会長、同参議院会長、同関東方面本部長、同埼玉県本部代表○著書「日本元気宣言」ほか,/japanese/joho1/kousei/giin/profile/7004043.htm
千葉県,石井　　準一,いしい　じゅんいち,https://www.sangiin.go.jp/japanese/joho1/kousei/giin/photo/g7007007.jpg,自由民主党,昭和３２年１１月２３日茂原市生まれ、千葉県立長生高等学校卒○代議士秘書を経て昭和６２年２９歳で千葉県議会議員に当選、連続５期。以来、県常任委員会にて農林水産委員長、商工労働社会委員長、土木副委員長、総務企画副委員長、党にて県連総務会長を歴任。平成１９年参議院議員に初当選○【参議院】予算委員長、国交委員長、憲法審査会会長、議運理事、厚労理事を歴任【党】幹事長代理、選対委員長代理、国対副委員長、党副幹事長を歴任○現在議院運営委員長、環境委員会委員,/japanese/joho1/kousei/giin/profile/7007007.htm
千葉県,豊田　　俊郎,とよだ　としろう,https://www.sangiin.go.jp/japanese/joho1/kousei/giin/photo/g7013036.jpg,自由民主党,昭和２７年８月２１日千葉県八千代市生まれ。昭和４７年中央工学校卒業。昭和４９年豊田俊郎土地家屋調査士事務所設立。平成１１年千葉県議会議員に初当選。平成１５年千葉県八千代市長に初当選、以降連続３期当選。平成２５年７月第２３回参議院議員通常選挙千葉県選挙区から立候補し初当選○国土交通委員会筆頭理事、憲法審査会幹事、内閣府大臣政務官、党憲法改正推進本部事務局次長、法務・国土交通副部会長、財政金融委員長○現在国土交通副大臣、国土交通委員、国家基本政策委員、東日本大震災復興特別委員、ＰＦＩ推進特命委員会事務局次長、宇宙・海洋開発特別委員会幹事、所有者不明土地等に関する特命委員会事務局長代理、所有者不明土地問題に関する議員懇談会事務局長,/japanese/joho1/kousei/giin/profile/7013036.htm
千葉県,長浜　　博行,ながはま　ひろゆき,https://www.sangiin.go.jp/japanese/joho1/kousei/giin/photo/g7007041.jpg,各派に属しない議員,１９５８年１０月２０日東京都生まれ、芝学園（芝中学校・芝高等学校）を経て早稲田大学政治経済学部卒業（在学中は応援部所属）。松下政経塾第２期生。細川護熙参議院議員（元首相）公設第一秘書。１９９３年第４０回総選挙で衆議院議員初当選。民主党千葉県総支部連合会（千葉県連）代表等を歴任。２００７年第２１回参議院選挙で初当選。２００９年鳩山内閣で厚生労働副大臣に就任、２０１０年菅内閣で厚生労働副大臣に再任、２０１１年野田内閣で内閣官房副長官に就任、２０１２年環境大臣・原発事故の収束及び再発防止担当大臣・内閣府特命担当大臣、２０１３年第２３回参議院選挙で再選、国家基本政策委員長、国土交通委員長を歴任。２０１９年第２５回参議院選挙で再選。立憲民主党参議院議員会長、環境委員長に就任○現在参議院副議長○衆議院議員当選４回,/japanese/joho1/kousei/giin/profile/7007041.htm
千葉県,猪口　　邦子,いのぐち　くにこ,https://www.sangiin.go.jp/japanese/joho1/kousei/giin/photo/g7010009.jpg,自由民主党,１９５２年千葉県市川市生まれ。桜蔭中学・高校、米コンコードアカデミー高校を経て、７５年上智大学卒業。８１年上智大学助教授。８２年米エール大学政治学博士課程修了。政治学で博士号（Ｐｈ．Ｄ．）取得。８３年ハーバード大学国際問題研究所客員研究員。９０年上智大学教授。９４～９６年防衛問題懇談会委員。９６～９８年行政改革会議委員。２００２～０４年軍縮会議日本政府代表部特命全権大使（ジュネーブ）。０３年軍縮会議（ジュネーブ）議長。同年国連第１回小型武器中間会合議長。０５～０９年衆議院議員。０５～０６年内閣府特命担当大臣（少子化・男女共同参画）。０５～１４年日本学術会議会員（政治学）。１０年第２２回参議院通常選挙にて千葉県選挙区から当選。１３年～上智大学名誉教授○現在外交・安全保障に関する調査会長○受賞歴、吉野作造賞、ＮＨＫ「青年の主張」全国最優秀賞○主な著書『戦争と平和』（東京大学出版会）『くにこｉｓｍ』（西村書店）『ポスト覇権システムと日本の選択』（筑摩書房）,/japanese/joho1/kousei/giin/profile/7010009.htm
千葉県,臼井　　正一,うすい　しょういち,https://www.sangiin.go.jp/japanese/joho1/kousei/giin/photo/g7022007.jpg,自由民主党,昭和５０年１月８日千葉県習志野市生まれ。日本大学文理学部卒業。株式会社オリエンタルランド勤務。千葉県議会議員５期。公益財団法人千葉県肢体不自由児協会理事長、千葉県野球協会会長、稲毛浅間神社責任役員総代、千葉県トライアスロン連合会長、千葉県バウンドテニス協会会長、千葉県綱引連盟会長、千葉県バトン協会会長、ちば海浜スポーツ連盟会長、千葉県自衛隊協力会連合会青年部会副会長、千葉市消防団第１８分団２部所属、公益社団法人千葉青年会議所ＯＢ特別会員、千葉ネオライオンズクラブ所属,/japanese/joho1/kousei/giin/profile/7022007.htm
千葉県,小西　　洋之,こにし　ひろゆき,https://www.sangiin.go.jp/japanese/joho1/kousei/giin/photo/g7010024.jpg,立憲民主・社民,１９７２年１月２８日、徳島県徳島市生まれ。徳島大学医学部中退。東京大学教養学部卒業。米コロンビア大学国際公共政策大学院修了、東京大学医療政策人材養成講座修了（優秀賞）。郵政省入省後、総務省放送政策課、同政治資金課、経済産業省情報政策課、農林水産省野菜課などで課長補佐等を歴任。東日本大震災復興特別委員会理事、環境委員会理事、厚生労働委員会委員、平和安全法制特別委員会委員、裁判官弾劾裁判所裁判員、沖縄北方問題特別委員長等を歴任○現在憲法審査会筆頭幹事、外交防衛委員会筆頭理事、政治倫理の確立及び選挙制度に関する特別委員会委員、裁判官弾劾裁判所裁判員○著書「いじめ防止対策推進法の解説と具体策」（２０１４　ＷＡＶＥ　出版）「私たちの平和憲法と解釈改憲のからくり」（２０１５　８月書館）、共著「平和憲法の破壊は許さない」等,/japanese/joho1/kousei/giin/profile/7010024.htm
東京都,音喜多　　駿,おときた　しゅん,https://www.sangiin.go.jp/japanese/joho1/kousei/giin/photo/g7019010.jpg,日本維新の会,１９８３年９月２１日、東京都北区生まれ。私立海城中・高校を経て、２００６年早稲田大学政治経済学部政治学科卒業。ＬＶＭＨモエヘネシー・ルイヴィトングループに勤務。２０１３年６月、東京都議会議員選挙に初当選し、２期務める。２０１９年７月、日本維新の会より参議院議員選挙東京都選挙区に出馬し、参議院議員に○日本維新の会政調会長。東京維新の会幹事長○ネットを中心とした積極的な情報発信を行い、ブログを３６５日更新する通称「ブロガー議員」○主な著作に「ギャル男でもわかる政治の話」「東京都の闇を暴く」など○趣味はストリートダンス、中国武術、マラソン○　ｈｔｔｐｓ：／／ｏｔｏｋｉｔａｓｈｕｎ．ｃｏｍ／,/japanese/joho1/kousei/giin/profile/7019010.htm
東京都,吉良　よし子[吉良　　佳子],きら　よしこ,https://www.sangiin.go.jp/japanese/joho1/kousei/giin/photo/g7013017.jpg,日本共産党,１９８２年９月高知県高知市に生まれる。２００１年３月高知県立追手前高校卒。２００５年３月早稲田大学第一文学部総合人文学科卒。同年４月都内の印刷会社に就職、企業の社会的責任（ＣＳＲ）報告書作成の支援と研究の仕事に携わる。２０１３年の参院選で初当選、総務委員会や文教科学委員会、予算委員会などに所属。違法な働かせ方を強いる悪質な企業名公表を実現するなど、ブラック企業の告発、追及を行った。また、就職活動中にうけたセクハラについての相談窓口を都道府県労働局につくらせる。大学などの授業料の値下げや奨学金返済猶予期間の延長、教職員の超長時間労働解消、フリーランスの保護、人権侵害の校則の実態告発などを行う○現在文教科学委員、決算委員○共著に「コーポレートガバナンス報告書分析と実務―記載事例を徹底分析」,/japanese/joho1/kousei/giin/profile/7013017.htm
東京都,塩村　あやか[塩村　文夏],しおむら　あやか,https://www.sangiin.go.jp/japanese/joho1/kousei/giin/photo/g7019020.jpg,立憲民主・社民,昭和５３年７月６日、広島県福山市に被爆二世として生まれる。共立女子短期大学卒業、ＡｕｓｔｒａｌｉａｎＳｃｈｏｏｌ　ｏｆ　Ｔｏｕｒｉｓｍ　ａｎｄ　Ｈｏｔｅｌ　Ｍａｎａｇｅｍｅｎｔ　修了、中央大学法学部通信教育課程在学中。放送作家として「シューイチ」などを担当。平成２５年東京都議会議員に初当選。令和元年第２５回参議院議員通常選挙にて東京都選挙区で初当選○現在予算委員会、内閣委員会、政府開発援助等及び沖縄・北方問題に関する特別委員会の各委員、外交・安全保障に関する調査会理事,/japanese/joho1/kousei/giin/profile/7019020.htm
東京都,武見　　敬三,たけみ　けいぞう,https://www.sangiin.go.jp/japanese/joho1/kousei/giin/photo/g5995043.jpg,自由民主党,１９５１年１１月５日東京都港区生まれ。７４年慶應義塾大学法学部政治学科卒業、７６年同大学法学研究科修士課程修了、法学修士取得。８０年東海大学政治経済学部政治学科助手、８７年助教授、９５年教授就任。同年参議院議員に初当選。現在５期目。８４年～８７年、テレビ朝日ＣＮＮデイウォッチ、モーニングショーのキャスターを務める。現在、自民党コロナ対策本部長代理、国際保健戦略特別委員長、日本国際交流センターシニアフェロー、長崎大学、身延山大学客員教授。外務政務次官、参議院外交防衛委員長、厚生労働副大臣を歴任。国連事務総長の下で国連保健従事者の雇用と経済成長に関するハイレベルパネル委員、国連制度改革委員会委員、同じく母子保健改善のための委員会委員、世界保健機関（ＷＨＯ）研究開発資金専門家委員会委員を務め、２０１９年ＷＨＯ親善大使に就任。２００７年から２００９年までハーバード大学公衆衛生大学院研究員,/japanese/joho1/kousei/giin/profile/5995043.htm
東京都,丸川　　珠代[大塚　　珠代],まるかわ　たまよ,https://www.sangiin.go.jp/japanese/joho1/kousei/giin/photo/g7007058.jpg,自由民主党,昭和４６年１月１９日兵庫県に生まれる。平成５年、東京大学経済学部卒業。同年、（株）テレビ朝日入社。平成１９年、依願退職。同年７月東京選挙区より参議院議員に初当選○党女性局長、厚生労働大臣政務官、党厚生労働部会長、厚生労働委員長、環境大臣・内閣府特命担当大臣（原子力防災）、東京オリンピック・パラリンピック競技大会担当大臣、北朝鮮による拉致問題等に関する特別委員長、党環境・温暖化対策調査会長、党広報本部長、東京オリンピック・パラリンピック競技大会担当大臣・内閣府特命担当大臣（男女共同参画）・女性活躍担当大臣等を歴任○現在参議院自由民主党幹事長代行、都連会長代行兼女性局長,/japanese/joho1/kousei/giin/profile/7007058.htm
東京都,山口　那津男,やまぐち　なつお,https://www.sangiin.go.jp/japanese/joho1/kousei/giin/photo/g7001049.jpg,公明党,昭和２７年７月１２日茨城県ひたちなか市に生まれる。茨城県立水戸第一高等学校を経て同５３年東京大学法学部卒業○昭和５７年４月弁護士登録（東京弁護士会）。同６３年日弁連調査室嘱託。平成２年２月から同８年１０月まで衆議院議員を２期６年半務める。同５年８月より同６年５月まで防衛政務次官。平成１３年より参議院議員、行政監視委員長、党国対委員長及び政調会長等を歴任○現在外交防衛委員会、国家基本政策委員会各委員、公明党代表,/japanese/joho1/kousei/giin/profile/7001049.htm
東京都,朝日　健太郎,あさひ　けんたろう,https://www.sangiin.go.jp/japanese/joho1/kousei/giin/photo/g7016004.jpg,自由民主党,昭和５０年９月熊本生まれ、法政大卒、サントリー株式会社入社、五輪日本代表、ＮＰＯ法人理事長、早稲田大学社会人修士課程修了、平成２８年参議院議員初当選、国土交通委員会理事、国土交通大臣政務官○現在予算委員会委員、環境委員会理事、外交・安全保障に関する調査会理事、政府開発援助等及び沖縄・北方問題に関する特別委員会委員、党青年局顧問、党国土交通部会長代理、党環境関係団体委員長、党参議院政策審議会副会長,/japanese/joho1/kousei/giin/profile/7016004.htm
東京都,生稲　　晃子[佐山　　晃子],いくいな　あきこ,https://www.sangiin.go.jp/japanese/joho1/kousei/giin/photo/g7022004.jpg,自由民主党,昭和４３年４月２８日東京都世田谷区生まれ、小金井市育ち。私立吉祥女子高等学校を経て、恵泉女学園短期大学英文科卒業。昭和６１年芸能界デビュー、俳優・タレントとして活動。平成２８年内閣府「働き方改革実現会議／働き方改革フォローアップ会合」民間議員。平成２９年厚生労働省「がん対策推進企業アクション」アドバイザリーボードメンバー。平成３１年内閣府「ＤＶ等被害者のための民間シェルター等に対する支援の在り方に関する検討会」委員。令和２年がん対策推進企業アクション女性会議「Ｗｏｒｋｉｎｇ　ＲＩＢＢＯＮ」オフィシャルサポーター。令和４年７月参議院議員初当選○現在参議院厚生労働委員会委員○参議院自民党国会対策委員会委員○自民党女性局次長,/japanese/joho1/kousei/giin/profile/7022004.htm
東京都,竹谷　とし子[菊地　とし子],たけや　としこ,https://www.sangiin.go.jp/japanese/joho1/kousei/giin/photo/g7010033.jpg,公明党,１９６９年北海道標津町生まれ。創価大学卒。公認会計士。税理士、行政書士。監査法人、ＩＴ系コンサルティング会社執行役員を経て、１０年東京選挙区から初当選。女性国会議員唯一の公認会計士として特別会計の積立金見直しで年７００億円超の税のムダ削減や、国連のＳＤＧｓで言及された食品ロス・廃棄を削減し、あわせてフードバンクを支援するための「食品ロス削減推進法」成立を推進○財務大臣政務官、参院災害対策特別委員長、総務委員長、法務委員長等を歴任○現在復興副大臣、党女性局長、党都本部副代表、食品ロス削減及びフードバンク支援を推進する議員連盟事務局長,/japanese/joho1/kousei/giin/profile/7010033.htm
東京都,山添　　　拓,やまぞえ　たく,https://www.sangiin.go.jp/japanese/joho1/kousei/giin/photo/g7016042.jpg,日本共産党,１９８４年１１月２０日京都府向日市生まれ。京都市立堀川高等学校、東京大学法学部卒業、早稲田大学大学院法務研究科修了。２０１０年、司法試験合格。最高裁判所司法研修所新第６４期。２０１１年、弁護士登録。東京法律事務所入所、現在、山添拓法律事務所○学生時代、学生自治会による学費値上げに反対する運動、都内の学生９条の会によるイベント「Ｐｅａｃｅ　Ｎｉｇｈｔ　９」の実行委員などに参加。司法修習生の給費制復活を求める「ビギナーズ・ネット」でも活動。弁護士登録後、福島第一原発事故の被害賠償を求める弁護団、過労死弁護団、首都圏青年ユニオン弁護団、国公労連賃下げ違憲訴訟弁護団などに加わる○自由法曹団、日本労働弁護団、青年法律家協会に所属。明日の自由を守る若手弁護士の会会員○２０１６年参院選挙に立候補（東京都選挙区）、初当選○外交防衛委員、予算委員会委員、憲法審査会幹事、国民生活・経済及び地方調査会理事,/japanese/joho1/kousei/giin/profile/7016042.htm
東京都,山本　　太郎,やまもと　たろう,https://www.sangiin.go.jp/japanese/joho1/kousei/giin/photo/g7013062.jpg,れいわ新選組,昭和４９年１１月２４日、兵庫県宝塚市生まれ。宝塚市中山桜台小学校、私立箕面自由学園中学校卒業。箕面自由学園高等学校中退。芸能界入りし、俳優として活躍。平成２３年の福島第一原発事故を契機に脱原発・脱被ばくの姿勢を鮮明にし、所属事務所を辞めフリーに。一度の衆院選落選を経て、平成２５年７月参議院東京選挙区に無所属で出馬し初当選。平成２８年１０月、自由党共同代表に。平成３１年４月れいわ新選組を立ち上げ、積極財政への転換を訴え同年７月に挑戦。本人は惜敗するも２人の議員を誕生させ、政党要件を獲得。令和３年衆院選で比例代表に自身を含めて３人が当選。令和４年参院選に挑戦するために議員辞職。同選挙で自身を含め合計３人の新人議員を当選させ、衆参で勢力を拡大中○れいわ新選組代表○著書『山本太郎　闘いの原点』○衆院当選１回,/japanese/joho1/kousei/giin/profile/7013062.htm
東京都,蓮　　　　舫[齊藤　　蓮舫],れん　ほう,https://www.sangiin.go.jp/japanese/joho1/kousei/giin/photo/g7004060.jpg,立憲民主・社民,１９６７年１１月２８日、東京都生まれ。９０年、青山学院大学法学部卒業。司会やレポーターなどの仕事を経て、報道キャスターに。９５年から９７年まで北京大学に留学。中国語や中国の文化、政治経済を勉強。帰国後、出産育児と同時にテレビ・ラジオヘの出演や講演、執筆活動で活躍。元内閣府特命担当大臣（行政刷新担当、公務員制度改革担当、消費者・食品安全、共生社会政策、新しい公共、少子化対策、男女共同参画）○元民進党代表○元立憲民主党代表代行○現在参議院国土交通委員長,/japanese/joho1/kousei/giin/profile/7004060.htm
神奈川県,佐々木さやか[山口　さやか],ささき　さやか,https://www.sangiin.go.jp/japanese/joho1/kousei/giin/photo/g7013023.jpg,公明党,昭和５６年１月１８日青森県八戸市生まれ○創価大学法学部卒業同大学法科大学院修了○弁護士○元文部科学大臣政務官○参議院法務委員会委員、同議院運営委員会理事、同憲法審査会委員○公明党参議院国会対策筆頭副委員長○公明党女性委員会副委員長、同青年委員会副委員長、同広報委員会宣伝局長、同中央会計監査委員○公明党神奈川県本部副代表○法務博士○著書「まっすぐ見つめ、まっすぐ進む。」,/japanese/joho1/kousei/giin/profile/7013023.htm
神奈川県,島村　　　大,しまむら　だい,https://www.sangiin.go.jp/japanese/joho1/kousei/giin/photo/g7013027.jpg,自由民主党,昭和３５年８月１１日、千葉県市川市生まれ。日本大学第二高等学校を経て、昭和６０年東京歯科大学卒業。卒業後、同大学歯科補綴学第３講座に入局し、歯科医療に携わる。平成２年に退職、横浜市保土ヶ谷区にて歯科クリニックを開業し、歯科医師として活動。平成１７年４月、神奈川県歯科医師連盟理事長就任、平成２３年４月、日本歯科医師連盟理事長就任。平成２５年７月、参議院通常選挙神奈川県選挙区より自民党公認候補として初当選、平成２９年９月厚生労働委員長就任。令和３年１０月厚生労働大臣政務官兼内閣府大臣政務官就任○現在厚生労働委員会筆頭理事、予算委員,/japanese/joho1/kousei/giin/profile/7013027.htm
神奈川県,牧山　ひろえ[牧山　　弘惠],まきやま　ひろえ,https://www.sangiin.go.jp/japanese/joho1/kousei/giin/photo/g7007055.jpg,立憲民主・社民,１９６４年９月２９日生まれ。１９８７年、国際基督教大学（ＩＣＵ）教養学部語学科卒業後、ＴＢＳに入社しディレクターとして勤務。同社退社後、渡米。１９９１年米国のトーマス・クーリー法科大学院修了。同年ニューヨークのマークス村瀬法律事務所にて勤務。１９９３年米国司法試験に合格（ニューヨーク州、コネチカット州）後、松竹（株）（同年にハリウッドのワーナー・ブラザースに出向）、１９９５年ポリグラム（株）、１９９６年夫の転勤に伴いニューヨークのハッシー法律事務所、２００４年ソニーピクチャーズエンタテインメント（法務部シニア・マネージャー）などで勤務。２００７年７月、参議院議員選挙にて初当選。２０１９年三度目の当選を果たす。倫理選挙特別委員長や環境委員長等を歴任。二児の母親○現在法務委員会野党筆頭理事、議院運営委員会委員、議院運営委員会図書館運営小委員長、情報監視審査会委員、立憲民主党参議院議員会長代行,/japanese/joho1/kousei/giin/profile/7007055.htm
神奈川県,浅尾　慶一郎,あさお　けいいちろう,https://www.sangiin.go.jp/japanese/joho1/kousei/giin/photo/g5998003.jpg,自由民主党,昭和３９年２月１１日東京生まれ。昭和５８年神奈川県私立栄光学園高等学校卒業。昭和６２年東京大学法学部卒業。同年（株）日本興業銀行入行。平成４年米国スタンフォード大学経営大学院卒業（ＭＢＡ）。平成１０年参議院議員（神奈川選挙区）初当選、平成１６年参議院議員（神奈川選挙区）２期目当選、参議院財政金融委員長、外交防衛委員会筆頭理事を務める。平成２１年衆議院議員（比例区南関東ブロック）初当選、衆議院予算委員会委員、決算行政監視委員会委員を務める。平成２９年無所属で出馬するも落選。平成３０年４月より玉川大学経営学部国際経営学科非常勤講師。令和４年参議院議員（神奈川選挙区）当選。スイスの民間経済研究機関「世界経済フォーラム（ＷＥＦ）」より次世代の世界を担う「若き国際的指導者（Ｙｏｕｎｇ　Ｇｌｏｂａｌ　Ｌｅａｄｅｒｓ）」に選出,/japanese/joho1/kousei/giin/profile/5998003.htm
神奈川県,松沢　　成文,まつざわ　しげふみ,https://www.sangiin.go.jp/japanese/joho1/kousei/giin/photo/g7013050.jpg,日本維新の会,１９５８年４月２日神奈川県川崎市生まれ。１９８２年３月慶應義塾大学法学部政治学科卒業。１９８２年（財）松下政経塾に第３期生として入塾。１９８４年米国連邦下院議員のスタッフとして活動。１９８７年神奈川県議会議員に立候補、県政史上最年少議員として初当選。１９９１年同２期目当選。１９９３年衆議院議員に初当選。１９９６年同２期目当選。２０００年同３期目当選。２００３年神奈川県知事に就任。２００７年同２期目就任。知事多選禁止条例や受動喫煙防止条例の制定等、２期８年間で自ら掲げたマニフェストの約８割を達成。２０１３年参議院議員に当選。現在聖マリアンナ医科大学客員教授、神奈川大学法学部非常勤講師、一般社団法人首都圏政策研究所代表理事等を務める○著書「ＪＴ、財務省、たばこ利権」「教養として知っておきたい二宮尊徳」「始動！江戸城天守閣再建計画」「横浜を拓いた男たち」「北条五代、奇跡の１００年」他多数,/japanese/joho1/kousei/giin/profile/7013050.htm
神奈川県,三浦　　信祐,みうら　のぶひろ,https://www.sangiin.go.jp/japanese/joho1/kousei/giin/photo/g7016036.jpg,公明党,１９７５年３月５日、宮城県仙台市生まれ。福島県立福島高等学校卒業、千葉工業大学工学部卒業○１９９７年防衛庁入庁、防衛大学校教官着任。２００３年東京工業大学にて博士（工学）号取得。２００７年防衛大学校助教、同年同講師、２０１２年同准教授。専門は金属工学。先進発電機器材料の国際会議で、最も優れた発表者に贈られる「ベストポスター賞」を連続受賞（０２年・０６年）。２０１６年７月参議院議員選挙にて神奈川選挙区で初当選○現在災害対策特別委員長、内閣委員会委員、決算委員会委員、党青年局長、東海道方面幹事長、神奈川県本部代表、ロボット産業推進議員連盟会長○著書「未来をつくる、新しい風」,/japanese/joho1/kousei/giin/profile/7016036.htm
神奈川県,三原 じゅん子[中根　　順子],みはら　じゅんこ,https://www.sangiin.go.jp/japanese/joho1/kousei/giin/photo/g7010048.jpg,自由民主党,昭和３９年９月１３日東京都板橋区生まれ。明治大学付属中野高等学校中退、元女優。平成２２年７月参議院全国比例区にて初当選。参議院政府開発援助等及び沖縄・北方問題に関する特別委員長、消費者問題に関する特別委員長、厚生労働委員長、予算委員会理事、厚生労働委員会理事、環境委員会理事、北朝鮮による拉致問題等に関する特別委員会理事、厚生労働副大臣、内閣府大臣補佐官、自由民主党女性局長、自由民主党神奈川県参議院選挙区第４支部長、自由民主党神奈川県支部連合会常任顧問、自由民主党婚活・ブライダル振興議員連盟会長、自由民主党どうぶつ愛護議員連盟幹事長兼事務局長、自由民主党オートバイ議員連盟事務局長、自由民主党二輪車問題対策ＰＴ座長、自由民主党モータースポーツ振興議員連盟幹事長、自由民主党知的障がい者の明日を考える議員連盟幹事長、平成２８年・令和４年７月参議院神奈川選挙区にて当選,/japanese/joho1/kousei/giin/profile/7010048.htm
神奈川県,水野　　素子,みずの　もとこ,https://www.sangiin.go.jp/japanese/joho1/kousei/giin/photo/g7022038.jpg,立憲民主・社民,１９７０年（昭和４５年）４月９日富山県下新川郡朝日町生まれ。埼玉県久喜市にて育つ。東京学芸大学附属高校を経て、平成６年東京大学法学部を卒業し、旧宇宙開発事業団（現宇宙航空研究開発機構（ＪＡＸＡ））に入社。２８年間勤め、国際宇宙ステーション計画をはじめ、産業振興のための法政策立案や国際交渉などに携わる。その間、平成９年外務省に出向。また、オランダ・ライデン大学で国際法修士号を取得し、東京大学、慶應大学の非常勤講師を務める。航空宇宙学会では宇宙法政策委員長（初代）および男女共同参画に関する委員を務める。平成２２年より中小企業診断士。令和元年国民民主党東京都参議院選挙区第１総支部長、令和２年国民民主党（後に野党合流に伴い立憲民主党）東京都第１６区総支部長、令和４年立憲民主党神奈川県参議院選挙区第４区総支部長就任○著書（共著）「宇宙ビジネスのための宇宙法入門」,/japanese/joho1/kousei/giin/profile/7022038.htm
新潟県,打越　さく良[村木　さく良],うちこし　さくら,https://www.sangiin.go.jp/japanese/joho1/kousei/giin/photo/g7019006.jpg,立憲民主・社民,１９６８年１月北海道旭川市生まれ。お茶の水女子大学附属高等学校卒業、東京大学教養学部及び教育学部卒業。東京大学大学院教育学研究科博士課程中途退学。２０００年弁護士登録（第二東京弁護士会）。２０１９年新潟県弁護士会に登録替え○医学部入試における女性差別対策弁護団共同代表、第１次夫婦別姓訴訟弁護団事務局長、第２次夫婦別姓訴訟弁護団副団長、児童相談所嘱託弁護士、日本司法支援センター嘱託弁護士等を務めてきた○単著に「第３版ＤＶ事件の実務　相談から保護命令・離婚事件まで」、「レンアイ、基本のキ　好きになったら何でもＯＫ？」、「なぜ妻は突然、離婚を切り出すのか」、共著に「右派はなぜ家族に介入したがるのか」、「司法の現場で働きたい！弁護士・裁判官・検察官」、「私にとっての憲法」,/japanese/joho1/kousei/giin/profile/7019006.htm
新潟県,小林　　一大,こばやし　かずひろ,https://www.sangiin.go.jp/japanese/joho1/kousei/giin/photo/g7022018.jpg,自由民主党,昭和４８年６月１２日、新潟県新潟市生まれ。新潟県立新潟高等学校、東京大学経済学部経済学科卒業。平成９年４月、現東京海上日動火災保険株式会社入社。平成１７年３月同社退社。平成１７年４月朝日観音普談寺副住職就任。平成１９年４月３０日新潟県議会議員（新潟市秋葉区選出）に初当選し、以降、連続４期当選。自民党新潟県連では政務調査会長を務め新潟県いじめ等の対策に関する条例などの議員提案条例制定に尽力。令和４年７月１０日執行の第２６回参議院議員通常選挙に新潟県選挙区から立候補し初当選,/japanese/joho1/kousei/giin/profile/7022018.htm
富山県,堂故　　　茂,どうこ　しげる,https://www.sangiin.go.jp/japanese/joho1/kousei/giin/photo/g7013035.jpg,自由民主党,昭和２７年８月７日富山県氷見市生まれ○富山県立高岡高校を経て、昭和５４年慶應義塾大学経済学部卒業○同年トナミ運輸株式会社入社、衆議院議員綿貫民輔秘書、平成３年富山県議会議員（２期７年）、平成１０年氷見市長（４期１５年）、観光カリスマ○平成２５年７月参議院議員に初当選、参議院総務・文教科学・農林水産各委員会理事、文部科学大臣政務官、自由民主党副幹事長、参議院農林水産委員長○現在参議院農林水産委員会筆頭理事、参議院自由民主党政策審議会副会長,/japanese/joho1/kousei/giin/profile/7013035.htm
富山県,野上　浩太郎,のがみ　こうたろう,https://www.sangiin.go.jp/japanese/joho1/kousei/giin/photo/g7001037.jpg,自由民主党,昭和４２年５月２０日富山市に生まれる○富山県立富山高等学校を経て、平成４年慶應義塾大学商学部（国際経済専攻）を卒業○同年三井不動産株式会社に入社。○平成１１年富山県議会議員に初当選○平成１３年参議院議員初当選○平成１７年財務大臣政務官○平成２３年文教科学委員長○平成２５年国土交通副大臣○その他、憲法審査会筆頭幹事、決算委員会筆頭理事、財政金融委員会筆頭理事、予算委員会理事等、党においては副幹事長、国土交通部会長代理、経済産業部会副部会長等を歴任○平成２６年、２７年議院運営委員会筆頭理事○平成２８年、２９年、３０年内閣官房副長官○令和２年農林水産大臣、自民党富山県支部連合会会長○令和元年、３年参議院自民党幹事長代行○令和４年参議院自民党国会対策委員長に就任,/japanese/joho1/kousei/giin/profile/7001037.htm
石川県,宮本　　周司,みやもと　しゅうじ,https://www.sangiin.go.jp/japanese/joho1/kousei/giin/photo/g7013053.jpg,自由民主党,昭和４６年３月２７日石川県能美市生まれ。平成７年東京経済大学卒○大学卒業後、国税庁醸造研究所にて醸造学や技術を修得。平成１２年株式会社宮本酒造店代表取締役就任。地域資源活用や農商工連携、資源循環や地産地消を推進し、同時に、自らも杜氏として酒造りにあたる。平成１９年石川県商工会青年部連合会会長就任。平成２１年全国商工会青年部連合会会長就任。平成２３年全国商工会青年部連合会相談役就任。平成２４年中小企業庁小さな企業未来会議草の根委員会委員長就任。平成２５年全国商工会連合会顧問就任。参議院経済産業委員会筆頭理事。経済産業大臣政務官。自由民主党経済産業部会部会長代理、中小企業・小規模事業者政策調査会事務局長代理,/japanese/joho1/kousei/giin/profile/7013053.htm
石川県,岡田　　直樹,おかだ　なおき,https://www.sangiin.go.jp/japanese/joho1/kousei/giin/photo/g7004012.jpg,自由民主党,昭和３７年６月９日石川県金沢市生まれ。金沢大学附属高を経て同６１年東京大学文学部卒業。東京大学法学部に学士入学し平成元年卒業○同年北國新聞社に入社し、政治部記者、論説委員等を歴任。北朝鮮で拉致問題を取材し政治を志した○１４年３月石川県議会補欠選挙当選○１６年７月参議院議員初当選。外交、安全保障に取り組み、自民党新憲法草案の起草にも加わった○１９年から議運理事、国対副委員長としてねじれ国会の正常化に奔走○２０年８月国土交通大臣政務官。ソマリア沖海賊対策や整備新幹線推進に注力○２３年１０月国土交通委員長。東日本大震災の復旧・復興に当たる○２４年１０月議運筆頭理事○２５年１０月から参院自民党国対委員長代理。党整備新幹線等鉄道調査会幹事長も務める○２７年１０月財務副大臣○２９年８月参院自民党幹事長代行○令和元年９月内閣官房副長官（安倍・菅内閣）○３年９月参院自民党国会対策委員長○４年８月内閣府特命担当大臣,/japanese/joho1/kousei/giin/profile/7004012.htm
福井県,滝波　　宏文,たきなみ　ひろふみ,https://www.sangiin.go.jp/japanese/joho1/kousei/giin/photo/g7013032.jpg,自由民主党,昭和４６年１０月２０日福井県生まれ。福井県立大野高校・東京大学法学部卒。シカゴ大院修了、公共政策学修士（ＭＰＰ）。早稲田大院修了、博士（ＰｈＤ）。米国公認会計士。平成６年大蔵省入省。約２０年の中央省庁勤務の間、内閣参事官補佐や、財務省の主計局主査、人事企画室長、広報室長など歴任。スタンフォード大学客員研究員も務める。平成２４年末財務省退官、ふるさと福井に戻り、２５年参議院議員初当選。令和元年再選。経産大臣政務官、総務委／経産委／資源エネルギー調査会　筆頭理事、予算委理事、党　原子力規制特委幹事長、税制調査会幹事、青年局長代理、経産部会長代理、財金／環境／国交副部会長、参院党国対副委員長、政審副会長等歴任○現在拉致問題特委筆頭理事、党水産部会長、農林調査会幹事、与党新幹線ＰＴ委員、恐竜議連／障害児者情報コミュニケーション議連／「あなたの街にも国宝を」議連／最新型原子力リプレース議連　事務局長。信条は、勤勉・正直・感謝,/japanese/joho1/kousei/giin/profile/7013032.htm
福井県,山崎　　正昭,やまざき　まさあき,https://www.sangiin.go.jp/japanese/joho1/kousei/giin/photo/g5992051.jpg,自由民主党,昭和１７年５月２４日福井県に生まれ、同４０年３月日本大学法学部政治経済学科卒業○昭和５０年２月大野市議会議員、同５４年福井県議会議員、福井県議会議長、自民党福井県連会長○平成４年参議院議員に当選、大蔵政務次官、議院運営委員長、武力攻撃事態に関する特別委員長、内閣官房副長官、政府開発援助（ＯＤＡ）等に関する特別委員長、参議院自由民主党幹事長、参議院副議長、参議院議長を歴任○オーストラリア、シンガポール、フィリピン、アメリカ、カナダ、シリア、エジプト、東欧、北欧、北朝鮮、ブラジル、バルト三国、メキシコ、パナマ、ベトナムを歴訪○現在福井県土地改良事業団体連合会長、福井県スキー連盟会長、参議院モンゴル議員連盟会長、成田山奉山会第７代会長、昭和聖徳記念財団副会長,/japanese/joho1/kousei/giin/profile/5992051.htm
山梨県,森屋　　　宏,もりや　ひろし,https://www.sangiin.go.jp/japanese/joho1/kousei/giin/photo/g7013055.jpg,自由民主党,昭和３２年７月２１日山梨県都留市生まれ。昭和５５年北海道教育大学教育学部卒業。平成２６年山梨学院大学大学院修了。修士論文「二元代表制の可能性」執筆○都留青年会議所理事長、学校法人ひまわり幼稚園園長・理事長に就任○平成１１年山梨県議会議員に当選（４期）、山梨県議会議長。山梨県ドクターヘリ研究会会長として県内運航を実現○平成２５年７月参議院議員に当選○総務大臣政務官、参議院内閣委員長、参議院総務委員会・財政金融委員会・決算委員会理事、自民党副幹事長、自民党組織運動本部副本部長、自民党選挙対策委員会副委員長、参議院自民党国会対策副委員長○現在参議院内閣委員会理事、自民党政務調査会内閣第１部会長、参議院自民党政策審議会副会長、自民党山梨県連会長,/japanese/joho1/kousei/giin/profile/7013055.htm
山梨県,永井　　　学,ながい　まなぶ,https://www.sangiin.go.jp/japanese/joho1/kousei/giin/photo/g7022030.jpg,自由民主党,昭和４９年５月７日生まれ。山梨大学教育学部附属小・中学校、山梨県立甲府西高等学校、國學院大学法学部法律学科卒業。株式会社エフエム富士（県政記者・番組制作）、衆議院議員横内正明事務所（公設・私設秘書）○平成２３年山梨県議会議員に当選（３期）。県監査委員、総務委員長、農政産業観光委員長、決算委員長を歴任。また特別委員長として「やまなし子ども子育て支援条例」、「やまなし子ども条例」を議員提案で成立させる○平成２４年から自民党山梨県連青年局長を８年務め、その後広報委員長などを歴任○令和４年７月第２６回参議院議員選挙にて初当選,/japanese/joho1/kousei/giin/profile/7022030.htm
長野県,羽田　　次郎,はた　じろう,https://www.sangiin.go.jp/japanese/joho1/kousei/giin/photo/g7021002.jpg,立憲民主・社民,昭和４４年９月７日、東京都生まれ。昭和６３年フランス・アルザス成城学園高等学校を第１期生として卒業。同年アメリカ・ノースカロライナ州ウェイクフォレスト大学へ留学。平成８年衆議院議員羽田孜秘書。地元の上田事務所では後援会活動や地域で行われた各種選挙のサポートを、東京事務所では代議士の日々の政治活動を支えた。代議士引退の翌年、平成２５年フェザーフィールド株式会社設立。代表取締役就任。東アジア・東南アジアを中心に企業の海外事業支援、ＩＴ事業支援等を行う。また、マーケティング会社等の経営支援及び人材育成に携わる。平成２９年第４８回衆議院選挙に東京選挙区比例代表で出馬するも落選。令和３年４月２５日、兄羽田雄一郎の新型コロナウィルス感染症による死去に伴う参議院補欠選挙にて初当選○現在党政調会長補佐、外交防衛委員会、決算委員会、消費者問題特別委員会、外交安全保障調査会各委員,/japanese/joho1/kousei/giin/profile/7021002.htm
長野県,杉尾　　秀哉,すぎお　ひでや,https://www.sangiin.go.jp/japanese/joho1/kousei/giin/photo/g7016023.jpg,立憲民主・社民,１９５７年９月３０日、福岡県北九州市生まれ。兵庫県立加古川東高校、東京大学文学部社会学科卒。１９８１年４月、（株）東京放送入社。以来、報道局社会部、政治部などテレビ報道の最前線に従事。１９９３年４月より「ニュースの森」キャスター就任。その後外信部ワシントン支局長、社会部長などの役職をはさみ「朝ズバ」「ひるおび」「Ｎスタ」などＴＢＳ―ＪＮＮ系列の報道情報番組等に、報道局解説専門記者室長として多数出演。２０１５年１２月３１日付で（株）ＴＢＳテレビを退社。ＴＢＳ在職中は年間２００回程度の講演会を開く一方、ＪＦ（全漁連）企画委員、日本記者クラブ企画委員、マニフェスト大賞審査委員など数多くの役職をこなした。また、東日本大震災関連のＮＰＯ活動や、関西学院大学総合政策学部特別客員教授として後輩の育成にもあたって来た,/japanese/joho1/kousei/giin/profile/7016023.htm
岐阜県,大野　　泰正,おおの　やすただ,https://www.sangiin.go.jp/japanese/joho1/kousei/giin/photo/g7013013.jpg,自由民主党,昭和３４年５月生まれ。本籍は岐阜県山県郡美山町（現山県市）○慶應義塾大学法学部政治学科卒業後、昭和５７年全日本空輸（株）に勤務。平成２年より運輸大臣秘書官、参議院議員公設秘書を経て平成１５年に岐阜県議会議員初当選（３期）○平成２５年に参議院選挙初当選○国土交通委員会筆頭理事、文教科学委員会筆頭理事、経済産業委員会筆頭理事、ＯＤＡに関する特別委員会理事○平成２８年８月国土交通大臣政務官。安全・危機管理及び海上保安関係施策並びに道路、海事、港湾及び国際関係施策を担当○自民党副幹事長、経済産業部会副部会長を歴任○現在予算委員会理事、災害対策特別委員会筆頭理事、国土交通委員会委員、参議院自民党国会対策筆頭副委員長、政策審議会ワクチンパスポートＰＴ座長、地方組織・議員総局次長、運輸交通関係団体副委員長、航空対策特別委員会事務局次長,/japanese/joho1/kousei/giin/profile/7013013.htm
岐阜県,渡辺　　猛之,わたなべ　たけゆき,https://www.sangiin.go.jp/japanese/joho1/kousei/giin/photo/g7010055.jpg,自由民主党,昭和４３年４月１８日生、岐阜県加茂郡八百津町出身。岐阜県立加茂高等学校、名古屋大学経済学部卒業。平成４年、財団法人松下政経塾入塾（第１３期生）。平成７年、同塾卒業後、２６歳で岐阜県議会議員に初当選。以後通算４期当選。在任中は、自民党岐阜県連副幹事長、岐阜県商工会青年部連合会会長、岐阜県商工政治連盟会長、県監査委員、県政自民クラブ幹事長を歴任。平成２２年７月、参議院議員初当選○農林水産委員長、政治倫理の確立及び選挙制度に関する特別委員長、参議院自民党筆頭副幹事長、国土交通副大臣兼内閣府副大臣兼復興副大臣を歴任○現在議院運営委員会筆頭理事。環境委員,/japanese/joho1/kousei/giin/profile/7010055.htm
静岡県,榛葉　賀津也,しんば　かづや,https://www.sangiin.go.jp/japanese/joho1/kousei/giin/photo/g7001027.jpg,国民民主党・新緑風会,昭和４２年４月２５日静岡県菊川市生まれ○静岡県立掛川西高等学校卒業後、米国オハイオ州オタバイン大学政治学部及び国際問題研究学部卒業。在学中にイスラエル国立テルアビブ大学に１年間留学。イスラエル国立エルサレム・ヘブライ大学大学院に２年間留学○菊川町議会議員を経て、平成１３年第１９回参議院議員選挙にて初当選。以降、令和元年第２５回参議院議員選挙において４期連続当選○内閣委員長、外交防衛委員長、沖縄及び北方問題に関する特別委員長、政治倫理の確立及び選挙制度に関する特別委員長、図書小委員長、議院運営委員会筆頭理事、外交防衛委員会筆頭理事、予算委員会理事、国家基本政策委員会理事○防衛副大臣（鳩山内閣、菅内閣）、外務副大臣（第３次野田内閣）○参議院党国会対策委員長、参議院党幹事長○現在国民民主党幹事長○お茶振興議員連盟会長、静岡県馬術連盟会長、静岡県野球連盟一級審判員、リアルジャパンプロレス・コミッショナー,/japanese/joho1/kousei/giin/profile/7001027.htm
静岡県,牧野　たかお[牧野　　京夫],まきの　たかお,https://www.sangiin.go.jp/japanese/joho1/kousei/giin/photo/g7007054.jpg,自由民主党,昭和３４年１月１日静岡県島田市（旧金谷町）生まれ。昭和５７年早稲田大学法学部卒業○テレビ静岡報道部記者・デスク○平成７年静岡県議会議員初当選、３期連続当選○平成１９年７月参議院議員初当選。農林水産委員会委員、財政金融委員会委員、決算委員会委員、予算委員会委員、国土交通委員長、経済産業委員会理事、災害対策特別委員長、議院運営委員会筆頭理事○自由民主党水産部会部会長、情報調査会次長、外務大臣政務官、国土交通副大臣を歴任○現在自由民主党幹事長代理、総務委員会委員○著書「住民投票はなぜ否決されたのか」（ぎょうせい）,/japanese/joho1/kousei/giin/profile/7007054.htm
静岡県,平山　佐知子,ひらやま　さちこ,https://www.sangiin.go.jp/japanese/joho1/kousei/giin/photo/g7016033.jpg,各派に属しない議員,１９７１年（昭和４６年）１月３日生まれ。金沢高等学校卒業後、日本福祉大学女子短期大学部保育科卒業○短大卒業後、河合楽器製作所入社。その後、モデル、リポーターの仕事を経て、１９９１年４月からＮＨＫ静岡放送局の契約キャスターとして、夕方の報道番組「たっぷり静岡」等に１６年間出演。番組内で生活、文化、教育、経済などの企画を担当し、県内各地を取材する。２０１５年４月からフリーアナウンサーとして、様々な番組、企画などに出演するとともに、これまでの経験を生かしたキャリア研修会、講演会、シンポジウムなどを手がける○著書『「平和」を見つめる』,/japanese/joho1/kousei/giin/profile/7016033.htm
静岡県,若林　　洋平,わかばやし　ようへい,https://www.sangiin.go.jp/japanese/joho1/kousei/giin/photo/g7022043.jpg,自由民主党,昭和４６年１２月２４日茨城県水戸市生まれ。茨城県立緑岡高校、埼玉大学理学部化学科卒業。平成９年大正製薬株式会社医薬部勤務。平成１３年より社団法人有隣厚生会富士病院に勤務し、富士病院、医療法人駿東育愛会駿東共立産婦人科医院、社団法人有隣厚生会富士小山病院で事務長を務める。平成１８年御殿場青年会議所青年育成委員会委員長及び副理事長を務め、平成２１年２月、３７歳で静岡県の御殿場市長に初当選。４期当選を果たした後、令和３年自由民主党静岡県参議院選挙区第２支部長に就任。令和４年７月に参議院議員に初当選,/japanese/joho1/kousei/giin/profile/7022043.htm
愛知県,大塚　　耕平,おおつか　こうへい,https://www.sangiin.go.jp/japanese/joho1/kousei/giin/photo/g7001013.jpg,国民民主党・新緑風会,昭和３４年１０月５日、名古屋市生まれ。愛知県立旭丘高校、早稲田大学政経学部を経て、日本銀行入行。金融政策の運営や経済分析等を担当し、平成１２年末、政策委員会室調査役を最後に同行退職。平成１３年７月参議院議員に初当選○日銀在職中に早稲田大学大学院博士課程を修了し、博士号を取得（学術、専門はマクロ経済学）○内閣府副大臣（担当は金融、郵政改革、地域主権、規制改革、経済財政、拉致問題等）、厚生労働副大臣を歴任○現在参議院財政金融委員。国民民主党代表代行兼政務調査会長。早稲田大学総合研究機構客員教授、藤田医科大学医学部客員教授を務めるほか、日本財政学会に所属○著書に「公共政策としてのマクロ経済政策」（成文堂）、「３．１１大震災と厚労省」（丸善出版）、「『賢い愚か者』の未来」（早稲田大学出版部）、「仏教通史」、「四国霊場と般若心経」（大法輪閣）、「愛知四国霊場の旅」（中日新聞社）など,/japanese/joho1/kousei/giin/profile/7001013.htm
愛知県,酒井　　庸行,さかい　やすゆき,https://www.sangiin.go.jp/japanese/joho1/kousei/giin/photo/g7013024.jpg,自由民主党,昭和２７年２月１４日愛知県刈谷市生まれ。私立南山中高等学校を経て、昭和５０年日本大学芸術学部放送学科卒業。民間企業でサラリーマンを経験。平成７年愛知県刈谷市議会議員に初当選。平成１５年愛知県議会議員に初当選（３期連続）。県議会において議会進行係をはじめ、警察委員会、地域振興環境委員会、総務委員会の各委員長等を歴任○平成２５年７月の第２３回参議院議員選挙愛知県選挙区で初当選○平成２６年９月国土交通部会副部会長、平成２７年１０月内閣府大臣政務官、平成２８年８月自民党副幹事長、平成３０年１０月自民党政務調査会副会長、令和２年９月参議院自民党国会対策副委員長、令和４年８月内閣委員長○現在財政金融委員長、政府開発援助等及び沖縄・北方問題に関する特別委員会委員,/japanese/joho1/kousei/giin/profile/7013024.htm
愛知県,田島　麻衣子,たじま　まいこ,https://www.sangiin.go.jp/japanese/joho1/kousei/giin/photo/g7019024.jpg,立憲民主・社民,昭和５１年１２月２０日東京都生まれ。平成１１年青山学院大学国際政治経済学部卒。米国公認会計士の資格取得後、新日本監査法人に入社。多国籍企業の監査や独法の業務効率化を担当。平成１５年ＮＧＯ　ＪＥＮに参加。イラク戦争難民のヘルスケア支援に従事。平成１７年英オックスフォード大学院にて国際開発・人道支援の分野で修士号取得。平成１８年国連世界食糧計画（ＷＦＰ）入所。平成１９年より同ラオス事務所にて貧困で教育の機会を奪われた子どもたちとその家族を支援する学校給食プログラムを主導。平成２３年同イタリア本部で人道支援の効果測定を担当し、その後アルメニアにてテレワークで同機関全体の予算編成を担当。平成２９年同カイロ中東地域事務所勤務後、同ヨハネスブルグ南アフリカ地域事務所にて地域モニタリングアドバイザーを務める等１０年以上国連職員として人道支援の最前線に立つ○著書「世界で働くひとになる」他,/japanese/joho1/kousei/giin/profile/7019024.htm
愛知県,安江　　伸夫,やすえ　のぶお,https://www.sangiin.go.jp/japanese/joho1/kousei/giin/photo/g7019038.jpg,公明党,１９８７年６月２６日愛知県名古屋市に生まれる○愛知県立半田高等学校を経て２００９年創価大学卒業。同法科大学院を修了した２０１３年、司法試験に合格○２０１４年１２月、愛知県弁護士会に登録。愛知県弁護士会高齢者・障害者総合支援センター委員、愛知中小企業家同友会会員、日本交通法学会会員を歴任○現在公明党学生局長、青年委員会副委員長、中央規律委員会委員、愛知県本部副代表、国会対策副委員長、内閣部会副部会長、農林水産部会副部会長。裁判官弾劾裁判所裁判員。参議院農林水産委員会委員、消費者問題に関する特別委員会理事、憲法審査会委員○法務博士、防災士○著書「空き地・空き家をめぐる法律実務」「３１歳。明日への挑戦。」,/japanese/joho1/kousei/giin/profile/7019038.htm
愛知県,伊藤　　孝恵,いとう　たかえ,https://www.sangiin.go.jp/japanese/joho1/kousei/giin/photo/g7016006.jpg,国民民主党・新緑風会,昭和５０年６月３０日生まれ、名古屋市出身／犬山市在住○荻須学園ひまわり幼稚園、犬山市立犬山北小学校、私立金城学院中学校、金城学院高等学校、金城学院大学文学部国文学科卒業○平成１０年、テレビ大阪入社。営業局を経て報道スポーツ局に配属。大阪府警記者クラブで事件事故を取材する傍ら、ドキュメンタリー番組を制作。若年無業者（ニート）問題を提起した番組で第１回ＴＸＮドキュメンタリー大賞受賞○平成１８年、資生堂を経てリクルート入社。マーケティング局でマスメディアの買い付けや結婚情報誌等のＣＭを制作○平成２８年７月、同社在職育休中に公募から出馬、初当選。日本初の育休中の国政出馬には、当時、多くの批判的な声が寄せられた○現在党子ども・子育て・若者政策調査会長、超党派ママパパ議員連盟事務局長、生殖補助医療の在り方を考える議員連盟事務局長,/japanese/joho1/kousei/giin/profile/7016006.htm
愛知県,斎藤　　嘉隆,さいとう　よしたか,https://www.sangiin.go.jp/japanese/joho1/kousei/giin/photo/g7010027.jpg,立憲民主・社民,１９６３年２月１８日愛知県名古屋市生まれ。名古屋市立菊里高等学校を経て、１９８５年愛知教育大学教育学部を卒業。同年４月名古屋市立小学校教諭、以降１７年間教壇に立つ。在職中若手教員海外研修事業により豪州へ派遣される。名古屋市教育研究員として筑波大学付属中学校へ内地留学。２００７年愛知県教員組合執行委員長、同年連合愛知副会長、同政策委員長を務める。２００９年名古屋市教育委員会教育センター指導主事○２０１０年参議院選挙愛知選挙区から立候補し初当選○２０１６年同選挙区から再選、文教科学委員会理事、経済産業委員長、環境委員長、国土交通委員長、議院運営委員会筆頭理事、党文部部会長等歴任○現在党愛知県連代表、党参院国対委員長,/japanese/joho1/kousei/giin/profile/7010027.htm
愛知県,里見　　隆治,さとみ　りゅうじ,https://www.sangiin.go.jp/japanese/joho1/kousei/giin/photo/g7016020.jpg,公明党,昭和４２年１０月１７日大阪市生まれ、関西創価高校を経て、平成３年東京大学経済学部卒業○平成３年労働省入省○在英国日本国大使館一等書記官、厚生労働省国会連絡室長、内閣官房地域活性化統合事務局参事官、厚生労働省大臣官房参事官等を歴任、トヨタ自動車（株）（官民交流）を経て、平成２７年退官○平成２８年参議院愛知選挙区初当選、令和４年再選○参議院議院運営委員会理事、決算委員会理事、国民生活・経済調査会理事、予算委員、経済産業委員、財政金融委員、国土交通委員、農林水産委員、内閣委員等及び裁判官訴追委員を歴任○公明党労働局長、同決算・行政監視部会長、同経済産業部会長代理等を歴任○現在経済産業大臣政務官・内閣府大臣政務官・復興大臣政務官。公明党愛知県本部代表。日本語教育推進議員連盟事務局長、協同労働推進議員連盟事務局長。防災士、認知症サポーター○著書「愛知の未来をつくる」「愛知から日本の未来をひらく」,/japanese/joho1/kousei/giin/profile/7016020.htm
愛知県,藤川　　政人,ふじかわ　まさひと,https://www.sangiin.go.jp/japanese/joho1/kousei/giin/photo/g7010046.jpg,自由民主党,昭和３５年７月８日愛知県扶桑町生まれ。愛知県立丹羽高等学校を経て昭和５８年南山大学経営学部を卒業○同年扶桑町教育委員会社会教育課に勤務。その後同総務部企画財政課に配属○平成１１年４月愛知県議会議員選挙初当選。以降３期務めるなか自民党愛知県連青年局長、自民党愛知県議員団政務調査会長、愛知県議会総務県民委員長、自民党愛知県連政務調査会長などを歴任○平成２２年７月参議院議員選挙初当選○これまでに財務副大臣、総務大臣政務官、財政金融委員長、内閣委員会筆頭理事、総務委員会筆頭理事、憲法審査会幹事、自民党副幹事長、自民党愛知県連会長、自民党情報通信戦略調査会副会長、自民党総務部会長代理、自民党治安テロ調査会副会長、自民党Ｇ空間情報活用推進特別委員会事務局長などを歴任○現在予算委員会筆頭理事、参議院自民党国会対策委員長代理、自民党愛知県連最高顧問,/japanese/joho1/kousei/giin/profile/7010046.htm
三重県,吉川　ゆうみ[吉川　　有美],よしかわ　ゆうみ,https://www.sangiin.go.jp/japanese/joho1/kousei/giin/photo/g7013063.jpg,自由民主党,昭和４８年９月４日、三重県桑名市生まれ。東京農業大学農学部国際農業開発学科卒業、東京農工大学大学院修士課程農学研究科修了。平成１２年（株）農業食品監査システム入社、テュフ　ラインランド　ジャパン（株）（ドイツの審査機関）、（株）日本環境認証機構にて、国際認証等のコンサルタントや審査、研修業務等に従事。平成１９年（株）三井住友銀行入行、上席部長代理として、金融商品開発、国内外の企業支援や海外展開業務、省庁における委員会、セミナー等の業務を行う。平成２５年参議院三重県選挙区にて初当選。自民党女性局長代理、文教科学委員長、経済産業大臣政務官兼内閣府大臣政務官（万博担当）などを歴任○現在外務大臣政務官,/japanese/joho1/kousei/giin/profile/7013063.htm
三重県,山本　佐知子,やまもと　さちこ,https://www.sangiin.go.jp/japanese/joho1/kousei/giin/photo/g7022041.jpg,自由民主党,昭和４２年１０月２４日生まれ。神戸大学法学部法律学科卒業、米オハイオ大学院修了。住友銀行勤務を経て、旅行観光業に約２０年間従事。「明治日本の産業革命遺産」の世界遺産登録に関わる。平成２８年参院選三重県選挙区から自民党公認で立候補するも惜敗。団体職員を経て、平成３１年三重県議会議員選挙（桑名市桑名郡選挙区）にて当選。令和４年７月参議院議員選挙（三重県選挙区）にて初当選。自民党三重県連女性局長。三重県議会議員時代には観光政策、中小企業や小規模事業者の経営振興、農業基盤整備事業、漁業環境保全など地域活性化の促進のために地域の産業を支援し、県とのパイプ役に徹する,/japanese/joho1/kousei/giin/profile/7022041.htm
滋賀県,嘉田　由紀子,かだ　ゆきこ,https://www.sangiin.go.jp/japanese/joho1/kousei/giin/photo/g7019012.jpg,国民民主党・新緑風会,１９５０年５月１８日、埼玉県本庄市の養蚕農家生まれ。熊谷女子高校卒、京都大学農学部卒、京都大学大学院博士後期課程修了、米ウィスコンシン大学大学院修士課程修了、京都大学農学博士。京大探検部員としてアフリカ調査で水と環境の価値発見。日本では滋賀の歴史・琵琶湖の美しさに感動、琵琶湖研究開始。仕事と子育ての両立に奮闘しながら滋賀県職員として琵琶湖博物館の創設に携わった。京都精華大学教授を経て２００６年公共事業を見直し人に投資する「もったいない政策」で滋賀県知事に初当選。２０１０年過去最多得票で再選。出生率向上や高齢者の寿命日本一、ダムだけに頼らない流域治水政策を実現。２０１４年勇退、びわこ成蹊スポーツ大学学長。編著書は『命をつなぐ政治を求めて』『環境社会学』など多数。元環境社会学会会長。世界各国でのフィールドワーク研究に基づく比較社会学的観点から政策を提案。２０１９年滋賀県選挙区より初当選,/japanese/joho1/kousei/giin/profile/7019012.htm
滋賀県,こやり　隆史[小鑓　隆史],こやり　たかし,https://www.sangiin.go.jp/japanese/joho1/kousei/giin/photo/g7016017.jpg,自由民主党,昭和４１年９月９日滋賀県大津市生まれ。大津市立仰木小学校、同堅田中学校、昭和６０年３月滋賀県立膳所高等学校卒業。平成４年３月京都大学大学院物理工学専攻修了。平成１４年１１月インペリアル・カレッジ・大学院修了。平成４年４月通商産業省入省。平成２１年６月ジェトロ・ヒューストンセンター次長。平成２６年２月内閣参事官（日本経済再生本部事務局）退職。平成２６年滋賀県知事選挙に立候補。平成２６年１１月国立大学法人東京工業大学特任教授。平成２７年９月第２４回参議院選挙初当選○現在厚労委理事、消費者特委筆頭理事、外交・安保調査会理事、情報監視審査会委員、党副幹事長、内閣第二部会長代理、総合エネルギー戦略調査会事務局次長、中小企業・小規模事業者政策調査会副幹事長、知的財産戦略調査会事務局次長、党改革実行本部幹事、観光立国調査会幹事,/japanese/joho1/kousei/giin/profile/7016017.htm
京都府,倉林　　明子,くらばやし　あきこ,https://www.sangiin.go.jp/japanese/joho1/kousei/giin/photo/g7013020.jpg,日本共産党,１９６０年１２月３日福島県西会津町生まれ○京都市立看護短期大学卒業○１９８２年から看護師として右京病院（現・京都民医連中央病院）に勤務。同年、京都民主医療機関労働組合西支部書記長、京都医療労働組合連合会執行委員。１９８４年から京都府看護協会会員委員。１９９４年、京都府会議員補欠選挙（中京区・欠員１）に立候補し当選。１９９５年京都市会議員選挙（中京区）に立候補し、当選。以後、９９年、０３年、０７年、１１年の５期連続当選。２００１年、京都市会運営委員会理事。２００２年より日本共産党京都市会議員団幹事長など歴任。２０１０年２月、日本共産党中央委員に選出。２０１３年６月京都市会議員を辞職。同年７月、参議院京都選挙区で初当選○現在厚生労働委員会委員、行政監視委員会理事、消費者問題特別委員会委員。党幹部会副委員長、ジェンダー平等委員会責任者,/japanese/joho1/kousei/giin/profile/7013020.htm
京都府,西田　　昌司,にしだ　しょうじ,https://www.sangiin.go.jp/japanese/joho1/kousei/giin/photo/g7007044.jpg,自由民主党,昭和３３年９月１９日京都市に生まれ、市立塔南高校を経て、同５６年３月滋賀大学経済学部卒業。同年９月森金次郎税理士事務所勤務、同５９年１２月税理士試験合格、同６２年４月西田昌司税理士事務所開設○平成２年４月３１歳で京都府議会議員に当選、５期を務める。その間自由民主党京都府議会議員団代表幹事・同全国青年議員連盟会長○平成１９年第２１回参議院京都選挙区にて当選○議院運営委員会庶務小委員長・予算委員会理事・原子力、地方・消費者問題各特別委員長・財政金融、厚生労働、法務委員会、決算委員会各筆頭理事○参議院自由民主党政策審議会長代理・党国会対策委員長代行・党税制調査会幹事・京都府支部連合会会長○著書に「政論（Ⅰ）（Ⅱ）―保守の原点を問う―」、共著「保守誕生―日本を陥没から救え―」、「総理への直言」、「財務省からアベノミクスを救う」,/japanese/joho1/kousei/giin/profile/7007044.htm
京都府,福山　　哲郎,ふくやま　てつろう,https://www.sangiin.go.jp/japanese/joho1/kousei/giin/photo/g5998050.jpg,立憲民主・社民,昭和３７年１月１９日、東京都生まれ。同志社大学法学部卒業。京都大学大学院法学研究科修士課程修了（政治学・行政学専攻）○昭和６１年大和証券（株）○平成２年（財）松下政経塾入塾○平成７年さきがけ京都第一総支部長○平成１１年民主党入党○平成１７年９月、参議院環境委員長○平成１９年８月、民主党・新緑風会・日本政審会長○平成２１年９月、外務副大臣○平成２２年６月、内閣官房副長官○平成２３年９月、参議院外交防衛委員長○平成２６年９月、民主党政調会長○平成２８年３月、民進党幹事長代理○平成２９年９月、参議院東日本大震災復興特別委員長○平成２９年１０月、立憲民主党入党、立憲民主党幹事長○令和４年１０月、参議院国民生活・経済及び地方に関する調査会長○京都府身体障害者団体連合会会長○京都府バスケットボール協会会長○著書『原発危機　官邸からの証言』、『フェイクの時代に隠されていること』共著,/japanese/joho1/kousei/giin/profile/5998050.htm
京都府,吉井　　　章,よしい　あきら,https://www.sangiin.go.jp/japanese/joho1/kousei/giin/photo/g7022042.jpg,自由民主党,昭和４２年１月２日、京都市山科区生まれ。山科幼稚園、山階小学校、安祥寺中学校、洛南高等学校、京都産業大学中退。平成元年洛東産業株式会社勤務。平成１３年自由民主党京都府第２選挙区支部勤務。平成１７年衆議院議員山本ともひろ公設第一秘書。平成１９年京都市会議員初当選、以降連続４期当選し、１５年間にわたり京都市会議員を務める。その間、自由民主党京都市会議員団代表幹事・京都市会運営委員会理事、京都市会運営委員会委員長、京都サンガＦＣを支援する京都市会議員連盟会長等を歴任し、自由民主党京都府連幹事長、財務委員長を務めた。令和４年６月に京都市会議員を辞職し、７月に執行された参議院選挙に出馬し初当選を果たす○現在（一財）京都陸上競技協会参与、京都橘大学客員教授等,/japanese/joho1/kousei/giin/profile/7022042.htm
大阪府,東　　　　徹,あずま　とおる,https://www.sangiin.go.jp/japanese/joho1/kousei/giin/photo/g7013005.jpg,日本維新の会,昭和４１年９月１６日、大阪市住之江区生まれ。平成２年近畿大学法学部卒業、同年４月現ダイワハウス（株）入社、同５年８月に同社を退職。同７年１～３月米国連邦下院議員インターンとして活動。同８年４月社会福祉法人信愛報恩会特別養護老人ホーム、高齢者在宅サービスセンターへ入職。同１０年３月東洋大学大学院修士課程修了（福祉社会システム専攻）。翌１１年４月より学校法人大阪滋慶学園大阪保健福祉専門学校社会福祉学科副学科長に就任。同１５年大阪府議会議員に初当選し、以後３期連続当選。在任中の同２２年に橋下徹、松井一郎（現大阪市長）らと、大阪維新の会を設立。翌２３年大阪維新の会総務会長に就任。同２４年日本維新の会設立、日本維新の会総務会長に就任、同２７年おおさか維新の会設立。翌２８年日本維新の会へ党名変更○現在日本維新の会参議院国会対策委員長。議院運営委員会理事○社会福祉士,/japanese/joho1/kousei/giin/profile/7013005.htm
大阪府,梅村　みずほ,うめむら　みずほ,https://www.sangiin.go.jp/japanese/joho1/kousei/giin/photo/g7019007.jpg,日本維新の会,昭和５３年９月１０日、愛知県名古屋市生まれ。愛媛県、山口県、滋賀県、富山県に育つ。富山県立呉羽高等学校、立命館大学文学部卒業。平成１３年、株式会社ＪＴＢに入社し、旅行営業業務に従事。平成１５年、フリーアナウンサーへ転向。大阪・京都を中心にリポーター、キャスター、ナレーターとして活動。平成２９年より話し方教室運営。京都橘大学非常勤講師、京都府高等学校文化連盟放送専門部講師。令和元年、第２５回通常選挙において大阪府選挙区より初当選,/japanese/joho1/kousei/giin/profile/7019007.htm
大阪府,太田　　房江[齊藤　　房江],おおた　ふさえ,https://www.sangiin.go.jp/japanese/joho1/kousei/giin/photo/g7013014.jpg,自由民主党,昭和２６年６月２６日広島県呉市生まれ。愛知県時習館高等学校、東京大学経済学部卒業○昭和５０年通商産業省入省、住宅産業課長、近畿通商産業局総務企画部長、消費経済課長を経て平成９年岡山県副知事、平成１１年通商産業大臣官房審議官に就任○平成１２年より大阪府知事を２期８年務める（全国初の女性知事）○平成２５年参議院選挙に比例代表として初当選○厚生労働大臣政務官、自民党女性局長などを歴任○令和元年参議院選挙で大阪選挙区より立候補、当選を果たす○現在経済産業副大臣、原子力災害現地対策本部長、経済産業委員会委員、国家基本政策委員会委員,/japanese/joho1/kousei/giin/profile/7013014.htm
大阪府,杉　　　久武,すぎ　ひさたけ,https://www.sangiin.go.jp/japanese/joho1/kousei/giin/photo/g7013028.jpg,公明党,昭和５１年１月４日大阪市生まれ。私立関西創価小学校・中学校・高等学校を経て、平成１０年創価大学経営学部卒業。在学中、公認会計士第２次試験合格。平成１０年中央監査法人入所。平成１４年公認会計士登録。平成１８年米国プライスウォーターハウスクーパース会計事務所駐在。平成１９年あらた監査法人入所。平成２２年米国公認会計士登録。平成２５年税理士登録○平成２５年参議院議員初当選。決算委員会理事、議院運営委員会理事、公明党参議院国会対策筆頭副委員長を経て、平成２８年財務大臣政務官、令和元年災害対策特別委員長、令和３年予算委員会理事○現在法務委員長、公明党青年委員会副委員長,/japanese/joho1/kousei/giin/profile/7013028.htm
大阪府,浅田　　　均,あさだ　ひとし,https://www.sangiin.go.jp/japanese/joho1/kousei/giin/photo/g7016003.jpg,日本維新の会,１９５０年大阪市生まれ。市立今福小学校、放出中学校、府立大手前高校を経て京都大学文学部哲学科卒業。日本放送協会職員。スタンフォード大学大学院修士課程修了。１９９１年経済協力開発機構（ＯＥＣＤ）日本政府代表部専門調査員として渡仏。科学技術工業局・情報、通信政策委員会等を担当。９８年帰国。９９年から大阪府議５期。２０１１年から１４年まで議長。○２０１０年大阪都構想を実現させるため地域政党「大阪維新の会」を結党、大阪府大阪市特別区設置協議会会長として特別区設置協定書をまとめるも大阪市民の住民投票で否決される○日本維新の会政調会長等を経て現在参議院会長○共著「大阪維新（チーム橋下の戦略と作戦）」,/japanese/joho1/kousei/giin/profile/7016003.htm
大阪府,石川　　博崇,いしかわ　ひろたか,https://www.sangiin.go.jp/japanese/joho1/kousei/giin/photo/g7010006.jpg,公明党,昭和４８年９月１２日大阪府豊中市生まれ◯平成８年創価大学工学部卒◯同８年外務省入省。イラク・サマーワ等勤務。中東・アラビア語の専門家として、歴代総理の通訳を務めた◯平成２２年参議院議員初当選。公明党青年委員長などを経て平成２６年防衛大臣政務官（兼）内閣府大臣政務官○平成２９年参議院法務委員長○平成３０年公明党参議院国会対策委員長○現在参議院決算委員会理事、公明党参議院政策審議会長、同大阪府本部代表,/japanese/joho1/kousei/giin/profile/7010006.htm
大阪府,高木　かおり[高木　佳保里],たかぎ　かおり,https://www.sangiin.go.jp/japanese/joho1/kousei/giin/photo/g7016026.jpg,日本維新の会,昭和４７年１０月１０日生まれ。大阪府堺市出身。大阪府立三国丘高校卒業。京都女子大学家政学部卒業後、三菱信託銀行（現三菱ＵＦＪ信託銀行）に勤務○平成２３年４月堺市議会議員に初当選し、平成２７年４月２期目当選。母親の視点から教育の無償化や子育て問題に取り組んでいる。また、どの世代でも学び直しができる必要性を訴えリカレント教育を推進○平成２８年大阪府選挙区より参議院議員通常選挙において初当選,/japanese/joho1/kousei/giin/profile/7016026.htm
大阪府,松川　　るい[新居　　るい],まつかわ　るい,https://www.sangiin.go.jp/japanese/joho1/kousei/giin/photo/g7016035.jpg,自由民主党,１９７１年生まれ。四天王寺中学・高校、東京大学法学部卒業後、外務省に入省。入省後、米国ジョージタウン大学国際関係論大学院修士号取得。外務省では、アジア外交や情勢分析の他、初代女性参画推進室長として、世界の女性活躍に取り組み、国際女性会議「ＷＡＷ！」を成功に導く。２０１６年初当選。参議院自民党唯一の元キャリア外交官。防衛大臣政務官、自民党では女性局長、国防部会長代理、外交部会長代理、大阪・関西万博推進本部事務局長、国際局次長など歴任。男性の育休「義務化」推進議連を立ち上げて、男性のための特別な育休創設を提言、育休法改正を実現。防衛大臣政務官在任時には子ども用の「はじめての防衛白書」を発案、好評により書籍化される。テレビや各種メディアに多数出演。２０２２年、初の単著「挑戦する力」（飛鳥新社）出版。同年、二度目の当選。二児の母,/japanese/joho1/kousei/giin/profile/7016035.htm
兵庫県,加田　　裕之,かだ　ひろゆき,https://www.sangiin.go.jp/japanese/joho1/kousei/giin/photo/g7019011.jpg,自由民主党,昭和４５年６月８日神戸市生まれ。平成５年甲南大学法学部を卒業後、神戸新聞マーケティングセンター企画編集部に勤務。阪神・淡路大震災後、被災地の復興状況を精力的に取材する中で、被災者の生の声に触れたことが政治の世界に入るきっかけとなる。平成８年に当時県議会議員であった奥谷通事務所に入所し、平成１０年衆議院議員奥谷通公設第二秘書を経て、平成１５年兵庫県議会議員選挙（神戸市長田区選挙区）で初当選。以来４期１６年にわたり県議会議員を務め、平成２５年、第１２１代兵庫県議会副議長、平成２９年、自民党県議団幹事長。令和元年７月、参議院議員選挙（兵庫県選挙区）において初当選。経済産業委員会理事。令和３年１１月、法務大臣政務官に就任。令和４年９月法務委員会理事、参自民国対副委員長,/japanese/joho1/kousei/giin/profile/7019011.htm
兵庫県,清水　　貴之,しみず　たかゆき,https://www.sangiin.go.jp/japanese/joho1/kousei/giin/photo/g7013025.jpg,日本維新の会,１９７４年６月２９日、福岡県筑紫野市生まれ。松戸市立根木内中学校、芝浦工業大学柏高校を経て、１９９９年早稲田大学教育学部卒業。朝日放送（株）にアナウンサーとして入社。早朝番組のメインキャスターを９年間務める。また、在職中に関西学院大学大学院に通い、２００４年商学研究科博士課程前期課程修了（ＭＢＡ）。２０１０年に退社後はフリーアナウンサーとして活動し、東北の被災地をはじめ様々な現場取材を経験する。２０１３年７月、兵庫選挙区より参議院議員に初当選,/japanese/joho1/kousei/giin/profile/7013025.htm
兵庫県,高橋　　光男,たかはし　みつお,https://www.sangiin.go.jp/japanese/joho1/kousei/giin/photo/g7019027.jpg,公明党,昭和５２年２月１５日兵庫県宝塚市生まれ○平成１２年大阪外国語大学（現大阪大学）在学中に外務省専門職試験に合格し中退○平成１３年外務省入省○在アンゴラ日本大使館三等書記官、在リオデジャネイロ日本総領事館副領事、語学指導官補佐（ポルトガル語）、在ブラジル日本大使館一等書記官など歴任。主に国際協力、アフリカ開発、投資協定（モザンビーク）を担当○ポルトガル語通訳担当官として総理通訳などを務めた○令和元年参議院議員選挙（兵庫選挙区）に初当選○令和３年中央大学法学部卒業○公明党青年委員会副委員長、学生局長代理、国際局次長、労働局次長○現在参議院国土交通委員会理事、同決算委員会委員、同外交・安全保障に関する調査会委員○著書『世界を駆けた、確かなチカラ』（潮出版社）,/japanese/joho1/kousei/giin/profile/7019027.htm
兵庫県,伊藤　　孝江,いとう　たかえ,https://www.sangiin.go.jp/japanese/joho1/kousei/giin/photo/g7016005.jpg,公明党,昭和４３年１月１３日兵庫県尼崎市生まれ○大阪府立北千里高校を経て、平成３年関西大学法学部を卒業○平成７年司法試験に合格し、平成８年４月司法修習生に採用される（５０期）。平成１０年３月司法修習修了、同年４月弁護士登録（大阪弁護士会）。大阪弁護士会人権擁護委員会副委員長、日弁連人権擁護委員会委員、大阪弁護士会人権調査室嘱託、関西大学法科大学院非常勤講師、ＮＰＯ法人建築問題研究会理事長を歴任。平成２２年４月税理士登録○現在文部科学大臣政務官。参議院文教科学委員会委員。公明党女性委員会副委員長○著書「ヒマワリのように、希望に向かって」、共著「名誉毀損・プライバシー報道被害の救済　実務と提言」、共著「代理人のための面会交流の実務」,/japanese/joho1/kousei/giin/profile/7016005.htm
兵庫県,片山　　大介,かたやま　だいすけ,https://www.sangiin.go.jp/japanese/joho1/kousei/giin/photo/g7016014.jpg,日本維新の会,昭和４１年１０月６日生まれ。出身地・岡山県○昭和６０年３月、東京都立青山高等学校を卒業。平成４年３月、慶應義塾大学理工学部管理工学科を卒業○平成４年４月、日本放送協会に記者として入局。水戸放送局と福島放送局の勤務を経て、報道局・社会部に配属。社会部時代は、主に皇室の取材を担当。皇室のご慶事などでＴＶ解説や中継を行う○平成２４年３月、早稲田大学大学院公共経営研究科を修了。仕事のかたわら１年間、大学院に通い、地方自治の課題を学ぶ。修士論文は「ＴＰＰ時代の日本農業の活路」○平成２７年１１月、日本放送協会を退職○平成２８年７月、兵庫県選挙区より参議院議員に初当選,/japanese/joho1/kousei/giin/profile/7016014.htm
兵庫県,末松　　信介,すえまつ　しんすけ,https://www.sangiin.go.jp/japanese/joho1/kousei/giin/photo/g7004033.jpg,自由民主党,昭和３０年１２月１７日兵庫県神戸市西区生まれ、同５４年３月関西学院大学法学部を卒業、同年全日本空輸（ＡＮＡ）入社、同５８年兵庫県議会議員に初当選、以来６期連続当選。平成８年兵庫県議会副議長、同１３年自由民主党兵庫県連政務調査会長、同１５年自由民主党兵庫県連幹事長、同１６年兵庫県議会議員を辞職。第２０回参議院議員通常選挙（兵庫県選挙区）に初当選、同１８年国土交通委員会筆頭理事、同２０年財務大臣政務官、同２１年自由民主党兵庫県連会長、同２２年行政監視委員長、同２４年自由民主党水産部会長、同２５年外交防衛委員長、同２６年自由民主党幹事長代理、同２８年国土交通副大臣・内閣府副大臣・復興副大臣、同２９年議院運営委員会筆頭理事、同３０年議院運営委員長、令和元年参議院自由民主党国会対策委員長、令和３年文部科学大臣○現在予算委員長、自由民主党兵庫県連会長,/japanese/joho1/kousei/giin/profile/7004033.htm
奈良県,堀井　　　巌,ほりい　いわお,https://www.sangiin.go.jp/japanese/joho1/kousei/giin/photo/g7013048.jpg,自由民主党,昭和４０年１０月２２日奈良県橿原市に生まれ、東大寺学園高校を経て、同６３年東京大学経済学部卒業○昭和６３年自治省（現総務省）入省、在サンフランシスコ日本国総領事館領事、消防庁課長補佐、静岡県財政室長、総務省自治財政局財政企画官、内閣官房副長官秘書官、岡山県総務部長、総務省室長等を歴任○平成２５年７月第２３回参議院議員選挙にて奈良県選挙区で初当選。農林水産委員会委員、予算委員会理事、自民党副幹事長、外交防衛委員会筆頭理事、参議院自民党国会対策副委員長、外務大臣政務官○現在自民党外交部会長、予算委員会委員、外交防衛委員会委員、倫理選挙特別委員会理事、憲法審査会幹事、情報監視審査会会長代理委員、自民党国際局次長、奈良県サッカー協会会長、奈良陸上競技協会会長,/japanese/joho1/kousei/giin/profile/7013048.htm
奈良県,佐藤　　　啓,さとう　けい,https://www.sangiin.go.jp/japanese/joho1/kousei/giin/photo/g7016019.jpg,自由民主党,昭和５４年４月７日生まれ。奈良市出身。奈良市立東登美ヶ丘小学校、西大和学園中学校・高等学校を経て、平成１５年東京大学経済学部卒業○平成１５年総務省入省、人事院長期在外研究員として、米・カーネギーメロン大学大学院及び南カリフォルニア大学大学院修了、茨城県常陸太田市総務部長兼政策企画部長、総務省自治財政局課長補佐、首相官邸（内閣総理大臣補佐官秘書官）等を歴任○平成２８年７月第２４回参議院議員通常選挙にて奈良県選挙区で初当選○令和２年９月経済産業大臣政務官・内閣府大臣政務官・復興大臣政務官○令和４年７月第２６回参議院議員通常選挙奈良県選挙区で２期目当選○現在総務委員会理事、自民党青年局長代理,/japanese/joho1/kousei/giin/profile/7016019.htm
和歌山県,世耕　　弘成,せこう　ひろしげ,https://www.sangiin.go.jp/japanese/joho1/kousei/giin/photo/g5998069.jpg,自由民主党,昭和３７年１１月９日生、新宮市在住○大阪教育大学附属天王寺中高卒○昭和６１年早稲田大学政経学部政治学科卒。日本電信電話株式会社入社。本社広報部報道部門を経て、平成２年より同４年までボストン大学コミュニケーション学部大学院留学。企業広報論で修士号取得○平成７年関西支社経理部経営管理担当課長、同８年本社広報部報道担当課長○平成１０年参議院議員当選○自民党和歌山県支部連合会会長○平成１５年総務大臣政務官○平成１７年参議院総務委員長○平成１８年内閣総理大臣補佐官○平成１９年参議院議院運営委員会筆頭理事○平成２２年参議院予算委員会筆頭理事、参議院自民党幹事長代理○平成２３年参議院自民党国対委員長代理○平成２４年参議院自民党政審会長、内閣官房副長官○平成２８年経済産業大臣、ロシア経済分野協力担当大臣○平成３０年国際博覧会担当大臣を兼任○令和元年参議院自民党幹事長,/japanese/joho1/kousei/giin/profile/5998069.htm
和歌山県,鶴保　　庸介,つるほ　ようすけ,https://www.sangiin.go.jp/japanese/joho1/kousei/giin/photo/g5998036.jpg,自由民主党,昭和４２年２月５日大阪府生まれ、平成４年東京大学法学部卒業○衆議院議員秘書を経て、同８年、衆議院総選挙和歌山２区より立候補次点、同１０年７月、参議院選挙和歌山選挙区より最年少初当選、予算委員会理事等委員を歴任、同１４年、国土交通大臣政務官（２期連続）、参議院自由民主党国会対策副委員長、自由民主党水産部会長、同１８年８月、参議院厚生労働委員長、参議院国土交通委員会筆頭理事、自由民主党政務調査会副会長、同２２年１０月参議院決算委員長、同２３年１０月参議院議院運営委員長、同２４年１２月国土交通副大臣、同２６年９月参議院自由民主党政策審議会会長（２期連続）、内閣府特命担当大臣（沖縄及び北方対策）、参議院資源エネルギーに関する調査会長、参議院国際経済・外交に関する調査会長○現在地方創生及びデジタル社会の形成等に関する特別委員長、芸術議員連盟事務局長、捕鯨議員連盟幹事長代理,/japanese/joho1/kousei/giin/profile/5998036.htm
鳥取県・島根県,舞立　　昇治,まいたち　しょうじ,https://www.sangiin.go.jp/japanese/joho1/kousei/giin/photo/g7013049.jpg,自由民主党,昭和５０年８月１３日鳥取県日吉津村生まれ。米子東高校を経て、東京大学経済学部卒業○平成１１年４月自治省入省。以後、福岡県庁、厚生労働省介護保険課、下関市財政部長、新潟県地域政策課長、財政課長、消防庁消防・救急課、総務省市町村税課、企画課、準公営企業室などを歴任○議院運営委員会理事、農林水産委員会筆頭理事、内閣府大臣政務官、党副幹事長、党水産部会長などを歴任○現在総務委員会委員、行政監視委員会筆頭理事、政治倫理の確立及び選挙制度に関する特別委員会委員、参議院自由民主党国会対策委員会副委員長,/japanese/joho1/kousei/giin/profile/7013049.htm
鳥取県・島根県,青木　　一彦,あおき　かずひこ,https://www.sangiin.go.jp/japanese/joho1/kousei/giin/photo/g7010001.jpg,自由民主党,昭和３６年３月２５日、島根県出雲市大社町生まれ○大社高校、早稲田大学教育学部卒業○内閣官房長官秘書官、参議院議員秘書○平成２２年７月、参議院議員選挙初当選○国土交通副大臣、予算委員会筆頭理事、政府開発援助等及び沖縄・北方問題に関する特別委員長、参議院党国会対策委員長代理、国土交通大臣政務官、水産部会長代理、農林副部会長、国土交通副部会長等を歴任,/japanese/joho1/kousei/giin/profile/7010001.htm
岡山県,石井　　正弘,いしい　まさひろ,https://www.sangiin.go.jp/japanese/joho1/kousei/giin/photo/g7013008.jpg,自由民主党,昭和２０年１１月２９日岡山県岡山市生まれ。昭和４４年東京大学法学部卒業。同年建設省入省、建設大臣秘書官、内閣法制局参事官、建設省民間住宅課長、河川総務課長、大臣官房文書課長、大臣官房審議官、平成８年７月建設省退職。同年岡山県知事当選、平成１２年、平成１６年、平成２０年当選（計４期）。この間、全国知事会総務常任委員長、同道州制特別委員長、地方制度調査会委員、中央教育審議会委員。平成２５年７月参議院議員に当選、経済産業副大臣兼内閣府副大臣、参議院内閣委員長○現在自民党政務調査会副会長、参議院自民党政策審議会副会長、自民党税制調査会幹事○主要著書「新世紀きびの国の創造」他,/japanese/joho1/kousei/giin/profile/7013008.htm
岡山県,小野田　紀美,おのだ　きみ,https://www.sangiin.go.jp/japanese/joho1/kousei/giin/photo/g7016013.jpg,自由民主党,昭和５７年１２月７日生まれ。岡山県瀬戸内市邑久町虫明出身。邑久町立裳掛小学校、清心中学校、清心女子高等学校、拓殖大学政経学部政治学科卒業。ＣＤ・ゲーム制作会社にて広報・プロモーション・制作などを担当。東京都北区議会議員を務めた後、平成２８年第２４回参議院議員選挙にふるさとである岡山県選挙区から立候補し、初当選○党政調副会長、党参政審副会長、党過疎対策特別委員会事務局次長、党クールジャパン特命委員会、参農林水産委員、党農林副部会長、党外交副部会長、法務大臣政務官○現在防衛大臣政務官、参外交防衛委員、参災害対策特別委員,/japanese/joho1/kousei/giin/profile/7016013.htm
広島県,宮口　　治子[福田　治子],みやぐち　はるこ,https://www.sangiin.go.jp/japanese/joho1/kousei/giin/photo/g7021001.jpg,立憲民主・社民,１９７６年３月広島県福山市生まれ。私立福山暁の星女子中・高等学校卒業。大阪音楽大学音楽学部声楽科卒業。大阪にあったパナソニック・スクエアでのナレーターを皮切りに、ＫＳＢ瀬戸内海放送キャスター・リポーター、エフエムふくやまパーソナリティー、フリーアナウンサーとして活動した。３人の子を育てる母親であり、双子のうち長男に重度の広汎性発達障がいがある。長男を連れて出かけた先で起こったアクシデントをきっかけに、見た目には分からない障がいや弱さがある方々が、同じように困っているのではないかという気付きを得て、２０１４年よりヘルプマークの普及啓発活動を行う任意の団体を有志で立ち上げ代表として活動。２０２１年４月に行われた参議院広島県選出議員再選挙にて初当選を果たした,/japanese/joho1/kousei/giin/profile/7021001.htm
広島県,森本　　真治,もりもと　しんじ,https://www.sangiin.go.jp/japanese/joho1/kousei/giin/photo/g7013054.jpg,立憲民主・社民,昭和４８年５月２日広島県広島市生まれ。落合小学校、広島学院中学、同高校を経て、平成９年同志社大学文学部社会学科社会福祉学専攻卒業○平成９年（財）松下政経塾入塾、福祉や地域活性化をテーマにイギリス、デンマーク、アメリカ等で活動。平成１１年ひかり総合法律事務所弁護士秘書。平成１５年広島市議会議員初当選、以後連続２期当選○平成２５年参議院通常選挙に広島県選挙区で初当選○現在参院議運委員会理事、経済産業委員会委員、政倫審幹事、立憲民主党組織委員長、会派国対委員長代理,/japanese/joho1/kousei/giin/profile/7013054.htm
広島県,三上　　えり[川堀　絵里],みかみ　えり,https://www.sangiin.go.jp/japanese/joho1/kousei/giin/photo/g7022037.jpg,立憲民主・社民,１９７０年６月広島県広島市生まれ。広島市立井口中学校、広島県立広島井口高等学校卒業。サザンセミナリーカレッジ（米・バージニア州）卒業後、ＮＨＫでのアシスタントを経て、１９９６年ＴＳＳ（株式会社テレビ新広島）に入社。アナウンス部、報道部を経て、２０２２年に同局退社。約３０年間、仕事と２人の子どもの子育て、父親の介護を行い、女性も男性も働きやすい世の中に変えていく必要性を常に感じていた。報道部では県内各地をまわり多くの方々と出会い、それぞれの切実な声を受け止めた。そして、どんなに現場の声が小さくても、集まれば必ず大きな声となり社会を変えていくきっかけとなることを経験。現場の声の大切さを実感する。また、長年、広島から平和を訴える朗読ボランティアにも参加。被爆の実相の継承など積極的に活動を行う。２０２２年７月に行われた参議院広島県選出議員選挙にて初当選を果たした,/japanese/joho1/kousei/giin/profile/7022037.htm
広島県,宮沢　　洋一,みやざわ　よういち,https://www.sangiin.go.jp/japanese/joho1/kousei/giin/photo/g7010050.jpg,自由民主党,昭和２５年４月２１日生まれ、本籍、広島県福山市金江町○昭和４９年３月東京大学法学部公法学科卒業、昭和５３年６月ハーバード大学行政学大学院修了○昭和４９年４月大蔵省入省。大阪国税局岸和田税務署長、大蔵省大臣官房企画官、宮澤喜一内閣総理大臣首席秘書官、平成５年大蔵省退官、平成６年衆議院議員宮澤喜一政策秘書、平成１２年６月衆議院広島県第７選挙区で当選（以降連続３期当選）、衆議院議院運営委員会理事等、自由民主党政務調査会副会長、厚生労働部会長、国土交通部会長等。平成２０年８月内閣府副大臣（経済・財政・地方分権改革等担当）、平成２２年７月参議院選挙（広島県選挙区）で当選。平成２６年１０月経済産業大臣（第２次・第３次安倍内閣）、平成２７年、令和３年・４年自由民主党税制調査会会長、令和元年参議院資源エネルギーに関する調査会長、令和４年参議院資源エネルギー・持続可能社会に関する調査会長,/japanese/joho1/kousei/giin/profile/7010050.htm
山口県,北村　　経夫,きたむら　つねお,https://www.sangiin.go.jp/japanese/joho1/kousei/giin/photo/g7013019.jpg,自由民主党,昭和３０年１月５日山口県田布施町生まれ。中央大学卒業、ペンシルベニア大学大学院国際関係論学科修士課程修了。産経新聞政治部長・論説委員、編集長、執行役員。平成２５年参院選挙（全国比例）初当選、令和３年参院補欠選挙（山口県）当選○経済産業大臣政務官、参院外交防衛委員長○自民党総務会総務、副幹事長、広報本部長代理、選挙対策副委員長、参院自民党副幹事長（議員会長特別補佐）、財務金融部会長代理、環境関係団体委員長○現在安全保障調査会副会長、国際局次長、安全保障と土地法制に関する特命委員長、安全保障関係団体副委員長、国防副部会長、金融調査会副幹事長、中小企業・小規模事業者政策調査会副会長、拉致対策本部事務局長○超党派拉致議連事務局長○山口県土地改良事業団体連合会会長、社会福祉法人城南学園理事長○著書「橋本龍太郎　孤独な戦い」（並木書房）、「誇り高き国へ」（ポプラ社）,/japanese/joho1/kousei/giin/profile/7013019.htm
山口県,江島　　　潔,えじま　きよし,https://www.sangiin.go.jp/japanese/joho1/kousei/giin/photo/g7013001.jpg,自由民主党,昭和３２年４月２日生まれ。本籍地、山口県下関市。昭和５１年都立戸山高校卒業。昭和５５年東京大学工学部合成化学科卒業。昭和５７年東京大学大学院工学系研究科修了。同年千代田化工建設株式会社入社、技師。平成２年東亜大学講師、水産大学校非常勤講師。平成７年下関市長（以後連続４期）。平成２２年倉敷芸術科学大学客員教授○平成２５年４月参議院山口県選挙区選出議員補欠選挙で初当選（以後連続３期）。平成２７年国土交通大臣政務官（第３次安倍改造内閣）、平成２８年自由民主党内閣第１部会長、平成２９年自由民主党水産部会長、平成３０年東日本大震災復興特別委員長、令和元年農林水産委員長、令和２年経済産業副大臣・内閣府副大臣（菅内閣）、令和３年議院運営委員会筆頭理事等を歴任○現在自由民主党総務会副会長、他,/japanese/joho1/kousei/giin/profile/7013001.htm
香川県,三宅　　伸吾,みやけ　しんご,https://www.sangiin.go.jp/japanese/joho1/kousei/giin/photo/g7013052.jpg,自由民主党,昭和３６年生まれ、香川県さぬき市出身。早稲田大学政治学科卒業後、日本経済新聞社入社。平成元年、米コロンビア大学留学。平成５年、東京大学大学院法学政治学研究科に入学。平成７年、修士論文を出版し、修了○日本経済新聞社記者時代は、企業や経済産業省、法務省、金融庁など中央官庁を取材。平成１４年、政治部へ。平成１５年から平成２４年に退職するまで、同社編集委員として経済成長を促す様々な制度改革を提案。経済法制ジャーナリストという新しい地平を拓いた○著書に「弁護士カルテル」（信山社出版）、「知財戦争」（新潮新書）、「乗っ取り屋と用心棒」（日本経済新聞出版社）、「市場と法　いま何が起きているのか」（日経ＢＰ社）、「Ｇｏｏｇｌｅの脳みそ―変革者たちの思考回路」（日本経済新聞出版社）など○平成２５年７月、参議院議員初当選○参議院外交防衛委員長、外務大臣政務官など歴任,/japanese/joho1/kousei/giin/profile/7013052.htm
香川県,磯崎　　仁彦,いそざき　よしひこ,https://www.sangiin.go.jp/japanese/joho1/kousei/giin/photo/g7010008.jpg,自由民主党,昭和３２年９月８日、香川県丸亀市生まれ。昭和５８年３月、東京大学法学部卒業、同年全日本空輸株式会社（ＡＮＡ）入社。最終経歴は、ＣＳＲ推進室リスクマネジメント部長。平成２２年３月、同社退社。平成２２年７月、参議院選挙香川県選挙区にて、同県初の公募による候補者として初当選。党副幹事長、参議院環境委員長、党環境部会長、経済産業副大臣兼内閣府副大臣歴任○現在内閣官房副長官,/japanese/joho1/kousei/giin/profile/7010008.htm
愛媛県,ながえ　孝子[永江　　孝子],ながえ　たかこ,https://www.sangiin.go.jp/japanese/joho1/kousei/giin/photo/g7019031.jpg,各派に属しない議員,１９６０年６月１５日愛媛県松山市に生まれ、神戸大学法学部卒業、元民放アナウンサー○あなたが、ながえ孝子です。と県内全ての市町に個人後援会を創り、政党・団体の公認推薦を一切受けない、「完全無所属」で草の根選挙を展開。コーヒーとサラダを愛し、事務所では　愛猫ヴィヴィと遊ぶ時間を削りながら、電話やメールのお返事を夜遅くまで、あなたのお声を聞く毎日。元々地元テレビ局の日曜お昼の地域再発見番組「もぎたてテレビ」で愛媛県内をくまなく歩いた１８年間。地域にこそ資源があると確信し２００９年の総選挙で衆議院議員として議席を預かり、返済不要の奨学金制度創設に尽力するも、東日本大震災の復興予算の関係で、志半ばで議席を失った経緯もあるが、地域の声をいつも励みに、地域を歩く,/japanese/joho1/kousei/giin/profile/7019031.htm
愛媛県,山本　　順三,やまもと　じゅんぞう,https://www.sangiin.go.jp/japanese/joho1/kousei/giin/photo/g7004062.jpg,自由民主党,昭和２９年１０月２７日、愛媛県今治市生まれ。私立愛光中学校、県立今治西高等学校を経て、昭和５３年早稲田大学政治経済学部卒業○昭和５８年４月愛媛県議会議員初当選、平成１６年６月まで連続６期当選、愛媛県議会副議長、自民党愛媛県連幹事長等を務める○平成１６年７月参議院議員初当選、総務委員会理事、議院運営委員会理事、国土交通大臣政務官、自民党愛媛県連会長、国土交通委員会理事、参議院自民党国会対策筆頭副委員長、国家基本政策委員会理事、決算委員長、自民党組織運動本部長代理、総務委員会筆頭理事、自民党幹事長代理、自民党総務会長代理、政府開発援助等に関する特別委員長、国土交通副大臣兼内閣府副大臣兼復興副大臣、参議院議院運営委員長、国家公安委員会委員長、国土強靱化担当大臣、防災担当大臣、参議院予算委員長を歴任○現在参議院自民党議員副会長、全日本私立幼稚園ＰＴＡ連合会副会長,/japanese/joho1/kousei/giin/profile/7004062.htm
徳島県・高知県,高野　光二郎,たかの　こうじろう,https://www.sangiin.go.jp/japanese/joho1/kousei/giin/photo/g7013029.jpg,自由民主党,昭和４９年９月３０日、高知県高知市生まれ、高知中央高等学校を経て、平成９年３月、東京農業大学農学部を卒業。同年４月、元自民党総裁河野洋平氏秘書となる。平成１５年、高知県議会議員に初当選し、以降連続２期当選。全国青年都道府県議会議員の会代表世話人を務める。平成２１年、高知県議を任期半ばで辞職し、翌年の第２２回参議院議員通常選挙（高知県選挙区）に出馬するも落選。平成２５年第２３回参議院議員通常選挙（高知県選挙区）にて初当選○参議院予算委員会理事・憲法審査会幹事・党農林部会長代理、平成３０年には農林水産大臣政務官（第４次安倍改造内閣）等を歴任○令和元年第２５回参議院議員通常選挙（徳島県・高知県選挙区）にて２期目の当選○参議院議院運営委員会理事・参議院自民党国会対策副委員長・党憲法改正実現本部四国ブロック責任者・党副幹事長等、要職を担う○国連世界食糧計画（ＷＦＰ）国会議員連盟会長,/japanese/joho1/kousei/giin/profile/7013029.htm
徳島県・高知県,中西　　祐介,なかにし　ゆうすけ,https://www.sangiin.go.jp/japanese/joho1/kousei/giin/photo/g7010038.jpg,自由民主党,昭和５４年７月１２日徳島県阿南市生まれ。平成１４年慶應義塾大学法学部政治学科卒業。平成１５年株式会社ＵＦＪ銀行に入行。平成１９年同行を退職後、財団法人松下政経塾に入塾。平成２２年３月卒塾。同年７月徳島県選挙区より参議院議員に初当選。平成２５年参議院自由民主党政策審議会副会長。平成２６年参議院自由民主党副幹事長、自由民主党青年局局長代理。平成２７年第三次安倍改造内閣財務大臣政務官。平成２８年７月徳島県及び高知県参議院合同選挙区２期目当選、自由民主党政務調査会水産部会部会長。平成３０年参議院憲法審査会幹事、令和元年参議院財政金融委員長。令和２年参議院自由民主党国会対策委員会筆頭副委員長。令和３年第１次、第２次岸田改造内閣総務副大臣。令和４年７月徳島県及び高知県参議院合同選挙区３期目当選、自由民主党政務調査会副会長,/japanese/joho1/kousei/giin/profile/7010038.htm
福岡県,下野　　六太,しもの　ろくた,https://www.sangiin.go.jp/japanese/joho1/kousei/giin/photo/g7019021.jpg,公明党,昭和３９年５月１日福岡県北九州市八幡西区生まれ。島根大学教育学部卒業。福岡教育大学大学院修士課程修了。福岡県中学校保健体育科教諭。福岡県中学校保健体育科主幹教諭○著書「やればできる！を味わえば子どもは伸びる」、「跳べた泳げた必ずできる！驚異の下野式体育」、ＤＶＤ「やればできる！下野六太先生のスゴい体育」○元農林水産大臣政務官○現在災害対策特別委員会理事、党農林水産部会部会長,/japanese/joho1/kousei/giin/profile/7019021.htm
福岡県,野田　　国義,のだ　くによし,https://www.sangiin.go.jp/japanese/joho1/kousei/giin/photo/g7013042.jpg,立憲民主・社民,１９５８年福岡県八女郡立花町生まれ。福岡県立福島高等学校卒業。日本大学法学部政治経済学科在学中に政治研究会を設立し、「政治は生活そのもの」と知り政治家を志す。卒業後、代議士秘書を経て、１９９３年３４歳で八女市長に初当選。全国最年少市長となり、「八女のクリントン」と呼ばれ全国の話題に。「改革派・市民派市長」としてオープン・フェア・クリーンの政治姿勢で４期１６年務める○２００９年第４５回衆議院議員総選挙に出馬し初当選。農林水産委員会理事等を歴任、衆議院議員１期。２０１３年第２３回参議院議員通常選挙で初当選。２０１９年第２５回参議院議員通常選挙にて２期目当選○国土交通委員長、行政監視委員長、予算委員会理事、決算委員会理事、議院運営委員会理事、災害対策特別委員会理事、国の統治機構に関する調査会理事、国土交通委員、総務委員、政府地方制度調査会委員等を歴任○「次の内閣」総務大臣,/japanese/joho1/kousei/giin/profile/7013042.htm
福岡県,松山　　政司,まつやま　まさじ,https://www.sangiin.go.jp/japanese/joho1/kousei/giin/photo/g7001046.jpg,自由民主党,１９５９年１月２０日生まれ、福岡市在住○福岡県立京都高校・明治大学商学部卒業○１９９６年福岡青年会議所理事長、１９９９年日本青年会議所会頭○２００１年参議院議員初当選○参議院・議院運営委員長、環境委員長、政府開発援助等に関する特別委員長、議院運営委員会筆頭理事、議院運営委庶務関係小委員長、決算委員会筆頭理事、経済産業委員会理事、農林水産委員、憲法調査会委員○自民党国会対策委員長、総務会長代理、副幹事長、国対副委員長、福岡県支部連合会会長、団体総局次長、水産部会副部会長、改革実行本部幹事、食育調査会○国務大臣、外務副大臣、経済産業大臣政務官○現在参議院自民党政策審議会長、裁判官弾劾裁判所裁判長、党外国人労働者等特別委員長、選挙対策本部副委員長,/japanese/joho1/kousei/giin/profile/7001046.htm
福岡県,秋野　　公造,あきの　こうぞう,https://www.sangiin.go.jp/japanese/joho1/kousei/giin/photo/g7010003.jpg,公明党,１９６７年７月１１日生。白陵高校、長崎大医学部卒、９２年医師免許取得、９６年同大大学院医学研究科博士課程修了。長崎大学、米国シーダース・サイナイ・メディカルセンター、厚生労働省にて勤務、０９年東京空港検疫所支所長、同年厚生労働省退職。１０年参院初当選。胃がん予防のためのピロリ菌除菌の保険適用などを実現。１２年環境大臣政務官兼内閣府大臣政務官、１３年参議院災害対策特別委員長。１６年法務委員長。１８年総務委員長。２２年財務副大臣○著書「やさしい腎代替療法」「てんかんの教科書」「フットケアで寿命を延ばす」「胃がんは『ピロリ菌除菌』でなくせる」「腎代替療法の未来」「令和の養生訓」「まだ終わっていない弱者の病・結核」,/japanese/joho1/kousei/giin/profile/7010003.htm
福岡県,大家　　敏志,おおいえ　さとし,https://www.sangiin.go.jp/japanese/joho1/kousei/giin/photo/g7010018.jpg,自由民主党,昭和４２年７月１７日福岡県生まれ。久留米大学附設中・高、北九州大学法学部卒業。自由民主党福岡県支部連合会職員、参議院議員秘書を経て、平成１１年福岡県議会議員当選（３期）。平成２２年参議院議員当選。平成２４年議院運営委員会理事。平成２５年予算委員会理事。平成２６年財務大臣政務官（第２次安倍改造内閣・第３次安倍内閣）。平成２８年財政金融委員長。参議院議員当選（２期）。令和元年議院運営委員会筆頭理事。令和３年財務副大臣。令和４年参議院議員当選（３期）。自由民主党政務調査会長代理（現在）,/japanese/joho1/kousei/giin/profile/7010018.htm
福岡県,古賀　　之士,こが　ゆきひと,https://www.sangiin.go.jp/japanese/joho1/kousei/giin/photo/g7016018.jpg,立憲民主・社民,昭和３４年４月９日福岡県久留米市生まれ。福岡県立明善高校卒業。昭和５９年明治大学政治経済学部卒業。同年福岡放送入社。平成１７年１０月同社報道局チーフアナウンサー。平成２０年７月同社編成局エグゼクティブ・アナウンサー。この間、昭和５９年１０月から「ズームイン！！朝！」「ズームイン！！サタデー！」キャスター・リポーター。平成６年５月から平成７年９月まで「ナイトシャッフル」ＭＣ・リポーター。平成７年１０月から平成２７年１１月まで「めんたいワイド」「ＮＥＷＳめんたいＰｌｕｓ」総合司会・リポーター等。また、選挙特番・２４時間テレビの司会、プロ野球・サッカー日本代表・社会人ラグビー等の実況・リポートを多数務める。ディレクターとしてドキュメント番組の制作にも携わる。日本メディア学会会員、東亜天文学会会員。平成２８年参議院選挙初当選,/japanese/joho1/kousei/giin/profile/7016018.htm
佐賀県,山下　　雄平,やました　ゆうへい,https://www.sangiin.go.jp/japanese/joho1/kousei/giin/photo/g7013060.jpg,自由民主党,１９７９年８月２７日、佐賀県唐津市生まれ。呼子町立呼子小学校、私立弘学館中学・高校を経て慶應義塾大学法学部政治学科卒業。２００３年時事通信社入社。内政部記者として石原慎太郎東京都知事、片山善博鳥取県知事などを担当。２００７年に同社を退職し日本経済新聞社入社。政治部記者として福田康夫首相、保利耕輔政調会長、谷垣禎一自民党総裁などの番記者を経て、２０１２年２月に同社退職。２０１３年７月参議院議員に初当選。予算委員会理事。内閣府大臣政務官。議院運営委員会理事。党参院副幹事長。農林水産委員長,/japanese/joho1/kousei/giin/profile/7013060.htm
佐賀県,福岡　　資麿,ふくおか　たかまろ,https://www.sangiin.go.jp/japanese/joho1/kousei/giin/photo/g7010045.jpg,自由民主党,昭和４８年５月９日佐賀県川副町に生まれ、佐賀市で育つ。佐賀県立佐賀西高等学校を経て、平成８年慶應義塾大学法学部政治学科卒業。同年三菱地所株式会社入社。平成１７年衆議院総選挙（佐賀１区）で初当選。平成２１年自由民主党佐賀県支部連合会会長。平成２２年参議院議員通常選挙に佐賀県選挙区で当選。平成２３年参議院行政監視委員長。平成２４年自由民主党厚生労働部会長。平成２５年内閣府大臣政務官兼復興大臣政務官。平成２６年参議院厚生労働委員会筆頭理事、平成２７年内閣府副大臣。平成２８年参議院議員通常選挙に佐賀県選挙区で２期目再選。平成２９年自由民主党総務会長代理。平成３０年自由民主党政務調査会長代理。令和元年参議院予算委員会筆頭理事。令和２年自由民主党厚生労働部会長。令和３年参議院議院運営委員長、令和４年参議院議員通常選挙に佐賀県選挙区で３期目再選○現在自由民主党人事局長○衆議院当選１回,/japanese/joho1/kousei/giin/profile/7010045.htm
長崎県,古賀　友一郎,こが　ゆういちろう,https://www.sangiin.go.jp/japanese/joho1/kousei/giin/photo/g7013021.jpg,自由民主党,昭和４２年１１月２日生。本籍長崎県諫早市。諫早市立御館山小学校、諫早中学校、私立青雲高等学校を経て、東京大学法学部卒業○平成３年自治省入省後、栃木県庁、環境庁、和歌山市財政部長、自治大学校教授、岡山県財政課長、北九州市財政局長、総務省公務員部高齢対策室長、長崎市副市長などを経て、平成２５年初当選。環境委員長、議院運営委員会理事、予算委員会理事、決算委員会理事、憲法審査会幹事、総務大臣政務官兼内閣府大臣政務官、党政務調査会副会長、党総務部会長代理、党少子化対策調査会事務局長、党税制調査会幹事、党参院副幹事長、党参院国会対策副委員長、党参院政策審議会副会長などを歴任○現在内閣委員長、消費者問題に関する特別委員会委員、党中央政治大学院副学院長○著書「地方自治法講座財務」など,/japanese/joho1/kousei/giin/profile/7013021.htm
長崎県,山本　　啓介,やまもと　けいすけ,https://www.sangiin.go.jp/japanese/joho1/kousei/giin/photo/g7022040.jpg,自由民主党,昭和５０年６月２１日生まれ。長崎県壱岐市出身。平成１１年３月皇學館大學文学部を卒業。大学卒業後、衆議院議員秘書、防衛庁長官秘書等を経て、平成２３年４月、長崎県議会議員壱岐市選挙区より出馬し、初当選（３期連続当選）。任期中は、総務委員会委員長、環境生活委員会委員長、離島半島地域振興特別委員会委員長を歴任し、地場産業振興に貢献する「長崎県産酒による乾杯の推進に関する条例」の制定を主導したほか、誰もが安心して暮らせる社会の実現のための「長崎県犯罪被害者等支援条例」の制定にも主体的に関与。地元壱岐市にインドのＩＴ企業を誘致し、離島振興にも取り組む。自由民主党長崎県支部連合会の総務会長、幹事長を歴任。令和４年７月の第２６回参議院議員通常選挙において長崎県選挙区から初当選,/japanese/joho1/kousei/giin/profile/7022040.htm
熊本県,馬場　　成志,ばば　せいし,https://www.sangiin.go.jp/japanese/joho1/kousei/giin/photo/g7013044.jpg,自由民主党,昭和３９年１１月３０日熊本県生まれ。昭和５８年熊本県立熊本工業高校卒、昭和５９年熊本県産業開発青年隊訓練所修了○平成３年熊本市議会議員初当選、連続２期○平成９年熊本県議会議員初当選、連続５期。この間自民党青年局中央常任委員会議長、自民党熊本県連政調会長、第８１代熊本県議会議長、全国都道府県議会議長会副会長を歴任○平成２５年７月の参議院選挙で初当選、農林水産・決算委員会、災害対策特別委員会に所属、平成２６年予算委員会理事、平成２７年我が国及び国際社会の平和安全法制に関する特別委員会理事、平成２８年議院運営委員会理事に就任、（党）国会対策副委員長、農林・水産各副部会長○第３次安倍第２次改造内閣厚生労働大臣政務官に就任○平成２９年厚生労働委員会理事、平成３０年（党）副幹事長、災害対策特別委員会与党筆頭理事に就任○令和３年１２月外交防衛委員長に就任,/japanese/joho1/kousei/giin/profile/7013044.htm
熊本県,松村　　祥史,まつむら　よしふみ,https://www.sangiin.go.jp/japanese/joho1/kousei/giin/photo/g7004057.jpg,自由民主党,昭和３９年４月２２日熊本県球磨郡上村生、県立人吉高等学校（硬式野球部・主将）、専修大学経営学部卒（東都大学リーグ硬式野球部）○平成１１年熊本県商工会青年部連合会会長、平成１１年６月丸昭商事（株）代表取締役社長、平成１３年５月全国商工会青年部連合会会長（２期）、全国商工会連合会顧問○経済産業委員会理事、参議院環境委員長、参議院議院運営委員長、参議院決算委員長、経済産業大臣政務官、経済産業副大臣、自民党水産部会長、自民党幹事長代理を歴任○現在自民党総務会長代理、自民党熊本県参議院選挙区第一支部長,/japanese/joho1/kousei/giin/profile/7004057.htm
大分県,古庄　　玄知,こしょう　はるとも,https://www.sangiin.go.jp/japanese/joho1/kousei/giin/photo/g7022020.jpg,自由民主党,昭和３２年１２月２３日大分県国東市生まれ○大分県立杵築高等学校を経て早稲田大学法学部入学。昭和５５年卒業○昭和５７年司法試験合格、昭和６０年古庄法律事務所を開設。平成２０年大分県弁護士会会長。令和３年（公財）大分県暴力追放運動推進センター理事長。令和４年自由民主党大分県参議院選挙区第１支部支部長。別府大学講師、大分朝日放送コメンテーター、日本弁護士連合会常務理事、九州弁護士連合会常任理事を歴任○現在予算委員会委員、災害対策特別委員会委員、憲法審査会委員、法務委員会委員、古庄総合法律事務所代表弁護士,/japanese/joho1/kousei/giin/profile/7022020.htm
宮崎県,長峯　　　誠,ながみね　まこと,https://www.sangiin.go.jp/japanese/joho1/kousei/giin/photo/g7013039.jpg,自由民主党,昭和４４年８月２日宮崎県都城市生まれ。早稲田大学政経学部卒。早大雄弁会幹事長。参議院議員秘書を経て、平成９年宮崎県議会議員初当選。連続３期。農林水産常任委員長など歴任。平成１６年に当時全国最年少３５歳で都城市長初当選。連続３期。宮崎県市長会副会長など歴任。平成２２年口蹄疫、平成２３年新燃岳噴火に対処し被害を最小限に食い止めた。平成２５年７月第２３回参議院議員通常選挙初当選。財務大臣政務官、参議院外交防衛委員長、自民党水産部会長、自民党総合農林政策調査会副会長、地方制度調査会委員、参議院自民党副幹事長、国会対策副委員長、財政金融委員会筆頭理事、行政監視委員会筆頭理事など歴任。令和元年７月第２５回参議院議員通常選挙再選○現在経済産業大臣政務官兼内閣府大臣政務官、経済産業委員会委員、政治倫理の確立及び選挙制度に関する特別委員会委員、防災士,/japanese/joho1/kousei/giin/profile/7013039.htm
宮崎県,松下　　新平,まつした　しんぺい,https://www.sangiin.go.jp/japanese/joho1/kousei/giin/photo/g7004056.jpg,自由民主党,昭和４１年８月１８日、宮崎県宮崎市（旧高岡町）に生まれ、県立宮崎西高校を経て、平成４年法政大学第二法学部政治学科を卒業○平成３年宮崎県庁入庁。平成９年１月参議院議員公設秘書。平成１１年宮崎県議会に初当選。平成１５年宮崎県議会に２期目当選。平成１６年参議院議員通常選挙において初当選。平成２２年参議院議員通常選挙において２期目当選。参議院災害対策特別委員長。第二次安倍内閣国土交通大臣政務官。自民党政務調査会副会長、自民党総務部会長。第三次安倍改造内閣総務副大臣兼内閣府副大臣。平成２８年参議院議員通常選挙において３期目当選。自民党人事局長、自民党外交部会長、自民党財務金融部会長、参議院政府開発援助等に関する特別委員長、参議院政治倫理の確立及び選挙制度に関する特別委員長。令和４年参議院議員通常選挙において４期目当選。参議院政治倫理審査会会長,/japanese/joho1/kousei/giin/profile/7004056.htm
鹿児島県,尾辻　　秀久,おつじ　ひでひさ,https://www.sangiin.go.jp/japanese/joho1/kousei/giin/photo/g5989018.jpg,各派に属しない議員,昭和１５年１０月２日鹿児島県に生まれ、３歳の時父親をソロモン諸島海域で亡くした戦没者遺児、鹿児島市立玉龍高校を経て同３４年防衛大学校入学、在学中母親にも逝かれ、１人残された妹の為故郷へ帰る、同３９年東京大学入学、同４１年国産車にて世界一周の旅に出る、アルバイトをしながら５か年を要し７０か国を巡る（現在１００余か国）、同４６年２月帰国後、旅行家兼ルポライターとなり東京大学を中退○昭和５４年４月鹿児島県議に当選、以後連続２期当選、同６０年５月（財）鹿児島県遺族会長○平成元年７月参議院議員比例代表選挙当選、総務、沖縄開発政務次官、国民福祉委員長、財務副大臣、党厚労部会長、厚労大臣、（財）日本遺族会会長、参議院自民党議員会長、参議院副議長○現在参議院議長、一般財団法人日本遺族会名誉顧問○著書「ボッケモン世界を行く」「アフリカ旅日記」「旅また人生」,/japanese/joho1/kousei/giin/profile/5989018.htm
鹿児島県,野村　　哲郎,のむら　てつろう,https://www.sangiin.go.jp/japanese/joho1/kousei/giin/photo/g7004046.jpg,自由民主党,昭和１８年１１月２０日鹿児島県霧島市隼人町に生まれる。昭和３７年鹿児島ラ・サール高校卒業。昭和４４年鹿児島県農協中央会入会、平成１１年常務理事に就任、平成１６年退任。平成１６年７月参議院議員選挙鹿児島選挙区において初当選。農林水産大臣政務官、参議院農林水産委員長、自民党政務調査会長代理、自民党農林部会長、参議院農林水産委員会筆頭理事、参議院議院運営委員会・庶務小委員長等を歴任○現在農林水産大臣,/japanese/joho1/kousei/giin/profile/7004046.htm
沖縄県,高良　　鉄美,たから　てつみ,https://www.sangiin.go.jp/japanese/joho1/kousei/giin/photo/g7019028.jpg,沖縄の風,１９５４年１月１５日沖縄県那覇市生まれ。那覇市立松川小学校、那覇市立真和志中学校、琉球政府立那覇高校、九州大学法学部を卒業。九州大学大学院博士課程単位取得満期退学。１９８８年琉球大学法文学部助教授、バージニア大学ロースクール客員研究員を経て、１９９５年琉球大学法文学部教授、２００４年琉球大学法科大学院教授、２００７年琉球大学法科大学院院長、２０１９年琉球大学名誉教授。オール沖縄会議顧問。２０１９年参議院議員選挙において沖縄県選挙区から初当選○現在外交防衛委員、沖縄の風幹事長○著書「沖縄から見た平和憲法―万人（うまんちゅ）が主役」ほか,/japanese/joho1/kousei/giin/profile/7019028.htm
沖縄県,伊波　　洋一,いは　よういち,https://www.sangiin.go.jp/japanese/joho1/kousei/giin/photo/g7016007.jpg,沖縄の風,１９５２年１月４日沖縄県宜野湾市生まれ。琉球政府立普天間高等学校を経て、１９７４年３月琉球大学理工学部卒業。同年宜野湾市役所入職。宜野湾市職労委員長、中部地区労事務局長を経て、１９９６年沖縄県議会議員に当選（２期）。２００３年宜野湾市長に当選（２期）。県議会では県立子ども病院問題や平和祈念資料館問題などで手腕を発揮。宜野湾市長時代の２００４年に米軍大型ヘリが市内大学本館ビルに墜落炎上。普天間基地の危険性を明らかにして三度の訪米要請行動を取り組む。行政ＩＴ化の実現、教育・福祉・医療の充実に取り組む。宜野湾市西海岸地域へ大型店舗・ホテル等を誘致。海浜公園へ「琉球海炎祭」誘致。外交防衛委員会、行政監視委員会に所属。これまでに政府開発援助及び沖縄・北方問題に関する特別委員会、国際経済・外交調査会、北朝鮮・拉致特、政治倫理・選挙特、皇室典範特例法案特に所属,/japanese/joho1/kousei/giin/profile/7016007.htm
